text_equiv	language	font_family	segment_type	segment_id	url_id	region	rotation	full_region	full_rotation
# http://webdokumente.c3sl.ufpr.br/images/iiif/2/OCR-D-IMG%2FOCR-D-IMG_Kolonie-Zeitung-1863-05-02_P05.tif/region/size/rotation/quality.format
# http://webdokumente.c3sl.ufpr.br/images/iiif/2/OCR-D-IMG%2FOCR-D-IMG_Kolonie-Zeitung-1863-05-30_P03.tif/region/size/rotation/quality.format
# http://webdokumente.c3sl.ufpr.br/images/iiif/2/OCR-D-IMG%2FOCR-D-IMG_Kolonie-Zeitung-1863-06-06_P03.tif/region/size/rotation/quality.format
# http://webdokumente.c3sl.ufpr.br/images/iiif/2/OCR-D-IMG%2FOCR-D-IMG_Kolonie-Zeitung-1863-08-08_P03.tif/region/size/rotation/quality.format
# http://webdokumente.c3sl.ufpr.br/images/iiif/2/OCR-D-IMG%2FOCR-D-IMG_Kolonie-Zeitung-1863-08-22_P03.tif/region/size/rotation/quality.format
# http://webdokumente.c3sl.ufpr.br/images/iiif/2/OCR-D-IMG%2FOCR-D-IMG_Kolonie-Zeitung-1863-10-10_P03.tif/region/size/rotation/quality.format
# http://webdokumente.c3sl.ufpr.br/images/iiif/2/OCR-D-IMG%2FOCR-D-IMG_Kolonie-Zeitung-1863-12-12_P03.tif/region/size/rotation/quality.format
# http://webdokumente.c3sl.ufpr.br/images/iiif/2/OCR-D-IMG%2FOCR-D-IMG_Kolonie-Zeitung-1864-03-19_P03.tif/region/size/rotation/quality.format
# http://webdokumente.c3sl.ufpr.br/images/iiif/2/OCR-D-IMG%2FOCR-D-IMG_Kolonie-Zeitung-1864-04-30_P03.tif/region/size/rotation/quality.format
# http://webdokumente.c3sl.ufpr.br/images/iiif/2/OCR-D-IMG%2FOCR-D-IMG_Kolonie-Zeitung-1864-07-16_P03.tif/region/size/rotation/quality.format
# http://webdokumente.c3sl.ufpr.br/images/iiif/2/OCR-D-IMG%2FOCR-D-IMG_Kolonie-Zeitung-1865-01-21_P03.tif/region/size/rotation/quality.format
# http://webdokumente.c3sl.ufpr.br/images/iiif/2/OCR-D-IMG%2FOCR-D-IMG_Kolonie-Zeitung-1865-03-11_P03.tif/region/size/rotation/quality.format
# http://webdokumente.c3sl.ufpr.br/images/iiif/2/OCR-D-IMG%2FOCR-D-IMG_Kolonie-Zeitung-1865-06-10_P03.tif/region/size/rotation/quality.format
# http://webdokumente.c3sl.ufpr.br/images/iiif/2/OCR-D-IMG%2FOCR-D-IMG_Kolonie-Zeitung-1865-08-05_P03.tif/region/size/rotation/quality.format
# http://webdokumente.c3sl.ufpr.br/images/iiif/2/OCR-D-IMG%2FOCR-D-IMG_Kolonie-Zeitung-1865-08-12_P03.tif/region/size/rotation/quality.format
# http://webdokumente.c3sl.ufpr.br/images/iiif/2/OCR-D-IMG%2FOCR-D-IMG_Kolonie-Zeitung-1865-12-02_P03.tif/region/size/rotation/quality.format
# http://webdokumente.c3sl.ufpr.br/images/iiif/2/OCR-D-IMG%2FOCR-D-IMG_Kolonie-Zeitung-1865-12-09_P03.tif/region/size/rotation/quality.format
# http://webdokumente.c3sl.ufpr.br/images/iiif/2/OCR-D-IMG%2FOCR-D-IMG_Kolonie-Zeitung-1866-01-20_P03.tif/region/size/rotation/quality.format
# http://webdokumente.c3sl.ufpr.br/images/iiif/2/OCR-D-IMG%2FOCR-D-IMG_Kolonie-Zeitung-1866-03-24_P03.tif/region/size/rotation/quality.format
# http://webdokumente.c3sl.ufpr.br/images/iiif/2/OCR-D-IMG%2FOCR-D-IMG_Kolonie-Zeitung-1866-04-21_P03.tif/region/size/rotation/quality.format
# http://webdokumente.c3sl.ufpr.br/images/iiif/2/OCR-D-IMG%2FOCR-D-IMG_Kolonie-Zeitung-1866-08-04_P03.tif/region/size/rotation/quality.format
# http://webdokumente.c3sl.ufpr.br/images/iiif/2/OCR-D-IMG%2FOCR-D-IMG_Kolonie-Zeitung-1866-08-18_P03.tif/region/size/rotation/quality.format
# http://webdokumente.c3sl.ufpr.br/images/iiif/2/OCR-D-IMG%2FOCR-D-IMG_Kolonie-Zeitung-1866-10-27_P03.tif/region/size/rotation/quality.format
# http://webdokumente.c3sl.ufpr.br/images/iiif/2/OCR-D-IMG%2FOCR-D-IMG_Kolonie-Zeitung-1867-02-23_P03.tif/region/size/rotation/quality.format
# http://webdokumente.c3sl.ufpr.br/images/iiif/2/OCR-D-IMG%2FOCR-D-IMG_Kolonie-Zeitung-1867-08-24_P03.tif/region/size/rotation/quality.format
# http://webdokumente.c3sl.ufpr.br/images/iiif/2/OCR-D-IMG%2FOCR-D-IMG_Kolonie-Zeitung-1867-09-14_P03.tif/region/size/rotation/quality.format
# http://webdokumente.c3sl.ufpr.br/images/iiif/2/OCR-D-IMG%2FOCR-D-IMG_Kolonie-Zeitung-1867-09-28_P03.tif/region/size/rotation/quality.format
# http://webdokumente.c3sl.ufpr.br/images/iiif/2/OCR-D-IMG%2FOCR-D-IMG_Kolonie-Zeitung-1867-11-30_P03.tif/region/size/rotation/quality.format
# http://webdokumente.c3sl.ufpr.br/images/iiif/2/OCR-D-IMG%2FOCR-D-IMG_Kolonie-Zeitung-1867-12-21_P03.tif/region/size/rotation/quality.format
# http://webdokumente.c3sl.ufpr.br/images/iiif/2/OCR-D-IMG%2FOCR-D-IMG_Kolonie-Zeitung-1868-01-11_P03.tif/region/size/rotation/quality.format
# http://webdokumente.c3sl.ufpr.br/images/iiif/2/OCR-D-IMG%2FOCR-D-IMG_Kolonie-Zeitung-1868-03-07_P03.tif/region/size/rotation/quality.format
# http://webdokumente.c3sl.ufpr.br/images/iiif/2/OCR-D-IMG%2FOCR-D-IMG_Kolonie-Zeitung-1868-03-21_P03.tif/region/size/rotation/quality.format
# http://webdokumente.c3sl.ufpr.br/images/iiif/2/OCR-D-IMG%2FOCR-D-IMG_Kolonie-Zeitung-1868-05-09_P03.tif/region/size/rotation/quality.format
# http://webdokumente.c3sl.ufpr.br/images/iiif/2/OCR-D-IMG%2FOCR-D-IMG_Kolonie-Zeitung-1868-07-18_P03.tif/region/size/rotation/quality.format
# http://webdokumente.c3sl.ufpr.br/images/iiif/2/OCR-D-IMG%2FOCR-D-IMG_Kolonie-Zeitung-1868-08-01_P03.tif/region/size/rotation/quality.format
# http://webdokumente.c3sl.ufpr.br/images/iiif/2/OCR-D-IMG%2FOCR-D-IMG_Kolonie-Zeitung-1868-09-05_P03.tif/region/size/rotation/quality.format
# http://webdokumente.c3sl.ufpr.br/images/iiif/2/OCR-D-IMG%2FOCR-D-IMG_Kolonie-Zeitung-1868-09-12_P03.tif/region/size/rotation/quality.format
# http://webdokumente.c3sl.ufpr.br/images/iiif/2/OCR-D-IMG%2FOCR-D-IMG_Kolonie-Zeitung-1868-12-05_P03.tif/region/size/rotation/quality.format
# http://webdokumente.c3sl.ufpr.br/images/iiif/2/OCR-D-IMG%2FOCR-D-IMG_Kolonie-Zeitung-1869-02-27_P03.tif/region/size/rotation/quality.format
# http://webdokumente.c3sl.ufpr.br/images/iiif/2/OCR-D-IMG%2FOCR-D-IMG_Kolonie-Zeitung-1869-04-24_P03.tif/region/size/rotation/quality.format
# http://webdokumente.c3sl.ufpr.br/images/iiif/2/OCR-D-IMG%2FOCR-D-IMG_Kolonie-Zeitung-1869-08-21_P03.tif/region/size/rotation/quality.format
# http://webdokumente.c3sl.ufpr.br/images/iiif/2/OCR-D-IMG%2FOCR-D-IMG_Kolonie-Zeitung-1869-10-02_P03.tif/region/size/rotation/quality.format
# http://webdokumente.c3sl.ufpr.br/images/iiif/2/OCR-D-IMG%2FOCR-D-IMG_Kolonie-Zeitung-1869-11-27_P03.tif/region/size/rotation/quality.format
# http://webdokumente.c3sl.ufpr.br/images/iiif/2/OCR-D-IMG%2FOCR-D-IMG_Kolonie-Zeitung-1869-12-18_P03.tif/region/size/rotation/quality.format
# http://webdokumente.c3sl.ufpr.br/images/iiif/2/OCR-D-IMG%2FOCR-D-IMG_Kolonie-Zeitung-1870-01-15_P03.tif/region/size/rotation/quality.format
# http://webdokumente.c3sl.ufpr.br/images/iiif/2/OCR-D-IMG%2FOCR-D-IMG_Kolonie-Zeitung-1870-02-26_P03.tif/region/size/rotation/quality.format
# http://webdokumente.c3sl.ufpr.br/images/iiif/2/OCR-D-IMG%2FOCR-D-IMG_Kolonie-Zeitung-1870-05-14_P03.tif/region/size/rotation/quality.format
# http://webdokumente.c3sl.ufpr.br/images/iiif/2/OCR-D-IMG%2FOCR-D-IMG_Kolonie-Zeitung-1870-08-06_P03.tif/region/size/rotation/quality.format
# http://webdokumente.c3sl.ufpr.br/images/iiif/2/OCR-D-IMG%2FOCR-D-IMG_Kolonie-Zeitung-1870-09-17_P03.tif/region/size/rotation/quality.format
# http://webdokumente.c3sl.ufpr.br/images/iiif/2/OCR-D-IMG%2FOCR-D-IMG_Kolonie-Zeitung-1870-09-24_P03.tif/region/size/rotation/quality.format
# http://webdokumente.c3sl.ufpr.br/images/iiif/2/OCR-D-IMG%2FOCR-D-IMG_Kolonie-Zeitung-1870-12-03_P03.tif/region/size/rotation/quality.format
# http://webdokumente.c3sl.ufpr.br/images/iiif/2/OCR-D-IMG%2FOCR-D-IMG_Kolonie-Zeitung-1871-01-28_P03.tif/region/size/rotation/quality.format
# http://webdokumente.c3sl.ufpr.br/images/iiif/2/OCR-D-IMG%2FOCR-D-IMG_Kolonie-Zeitung-1871-09-30_P03.tif/region/size/rotation/quality.format
# http://webdokumente.c3sl.ufpr.br/images/iiif/2/OCR-D-IMG%2FOCR-D-IMG_Kolonie-Zeitung-1871-10-14_P03.tif/region/size/rotation/quality.format
# http://webdokumente.c3sl.ufpr.br/images/iiif/2/OCR-D-IMG%2FOCR-D-IMG_Kolonie-Zeitung-1871-11-18_P03.tif/region/size/rotation/quality.format
# http://webdokumente.c3sl.ufpr.br/images/iiif/2/OCR-D-IMG%2FOCR-D-IMG_Kolonie-Zeitung-1872-05-04_P03.tif/region/size/rotation/quality.format
# http://webdokumente.c3sl.ufpr.br/images/iiif/2/OCR-D-IMG%2FOCR-D-IMG_Kolonie-Zeitung-1872-06-22_P03.tif/region/size/rotation/quality.format
# http://webdokumente.c3sl.ufpr.br/images/iiif/2/OCR-D-IMG%2FOCR-D-IMG_Kolonie-Zeitung-1872-07-27_P03.tif/region/size/rotation/quality.format
# http://webdokumente.c3sl.ufpr.br/images/iiif/2/OCR-D-IMG%2FOCR-D-IMG_Kolonie-Zeitung-1872-10-05_P03.tif/region/size/rotation/quality.format
# http://webdokumente.c3sl.ufpr.br/images/iiif/2/OCR-D-IMG%2FOCR-D-IMG_Kolonie-Zeitung-1873-01-04_P03.tif/region/size/rotation/quality.format
# http://webdokumente.c3sl.ufpr.br/images/iiif/2/OCR-D-IMG%2FOCR-D-IMG_Kolonie-Zeitung-1873-01-25_P03.tif/region/size/rotation/quality.format
# http://webdokumente.c3sl.ufpr.br/images/iiif/2/OCR-D-IMG%2FOCR-D-IMG_Kolonie-Zeitung-1873-03-15_P03.tif/region/size/rotation/quality.format
# http://webdokumente.c3sl.ufpr.br/images/iiif/2/OCR-D-IMG%2FOCR-D-IMG_Kolonie-Zeitung-1873-03-22_P03.tif/region/size/rotation/quality.format
# http://webdokumente.c3sl.ufpr.br/images/iiif/2/OCR-D-IMG%2FOCR-D-IMG_Kolonie-Zeitung-1873-05-03_P03.tif/region/size/rotation/quality.format
# http://webdokumente.c3sl.ufpr.br/images/iiif/2/OCR-D-IMG%2FOCR-D-IMG_Kolonie-Zeitung-1873-06-07_P03.tif/region/size/rotation/quality.format
# http://webdokumente.c3sl.ufpr.br/images/iiif/2/OCR-D-IMG%2FOCR-D-IMG_Kolonie-Zeitung-1873-07-26_P03.tif/region/size/rotation/quality.format
# http://webdokumente.c3sl.ufpr.br/images/iiif/2/OCR-D-IMG%2FOCR-D-IMG_Kolonie-Zeitung-1873-08-16_P03.tif/region/size/rotation/quality.format
# http://webdokumente.c3sl.ufpr.br/images/iiif/2/OCR-D-IMG%2FOCR-D-IMG_Kolonie-Zeitung-1873-09-06_P03.tif/region/size/rotation/quality.format
# http://webdokumente.c3sl.ufpr.br/images/iiif/2/OCR-D-IMG%2FOCR-D-IMG_Kolonie-Zeitung-1873-11-01_P03.tif/region/size/rotation/quality.format
# http://webdokumente.c3sl.ufpr.br/images/iiif/2/OCR-D-IMG%2FOCR-D-IMG_Kolonie-Zeitung-1873-11-15_P03.tif/region/size/rotation/quality.format
# http://webdokumente.c3sl.ufpr.br/images/iiif/2/OCR-D-IMG%2FOCR-D-IMG_Kolonie-Zeitung-1873-11-22_P03.tif/region/size/rotation/quality.format
# http://webdokumente.c3sl.ufpr.br/images/iiif/2/OCR-D-IMG%2FOCR-D-IMG_Kolonie-Zeitung-1873-12-20_P03.tif/region/size/rotation/quality.format
# http://webdokumente.c3sl.ufpr.br/images/iiif/2/OCR-D-IMG%2FOCR-D-IMG_Kolonie-Zeitung-1874-01-17_P03.tif/region/size/rotation/quality.format
# http://webdokumente.c3sl.ufpr.br/images/iiif/2/OCR-D-IMG%2FOCR-D-IMG_Kolonie-Zeitung-1874-01-31_P03.tif/region/size/rotation/quality.format
# http://webdokumente.c3sl.ufpr.br/images/iiif/2/OCR-D-IMG%2FOCR-D-IMG_Kolonie-Zeitung-1874-04-18_P03.tif/region/size/rotation/quality.format
# http://webdokumente.c3sl.ufpr.br/images/iiif/2/OCR-D-IMG%2FOCR-D-IMG_Kolonie-Zeitung-1874-05-09_P03.tif/region/size/rotation/quality.format
# http://webdokumente.c3sl.ufpr.br/images/iiif/2/OCR-D-IMG%2FOCR-D-IMG_Kolonie-Zeitung-1874-05-16_P03.tif/region/size/rotation/quality.format
# http://webdokumente.c3sl.ufpr.br/images/iiif/2/OCR-D-IMG%2FOCR-D-IMG_Kolonie-Zeitung-1874-05-23_P03.tif/region/size/rotation/quality.format
# http://webdokumente.c3sl.ufpr.br/images/iiif/2/OCR-D-IMG%2FOCR-D-IMG_Kolonie-Zeitung-1874-08-01_P03.tif/region/size/rotation/quality.format
# http://webdokumente.c3sl.ufpr.br/images/iiif/2/OCR-D-IMG%2FOCR-D-IMG_Kolonie-Zeitung-1874-08-08_P04.tif/region/size/rotation/quality.format
# http://webdokumente.c3sl.ufpr.br/images/iiif/2/OCR-D-IMG%2FOCR-D-IMG_Kolonie-Zeitung-1874-08-22_P03.tif/region/size/rotation/quality.format
# http://webdokumente.c3sl.ufpr.br/images/iiif/2/OCR-D-IMG%2FOCR-D-IMG_Kolonie-Zeitung-1874-09-19_P03.tif/region/size/rotation/quality.format
# http://webdokumente.c3sl.ufpr.br/images/iiif/2/OCR-D-IMG%2FOCR-D-IMG_Kolonie-Zeitung-1874-09-26_P03.tif/region/size/rotation/quality.format
# http://webdokumente.c3sl.ufpr.br/images/iiif/2/OCR-D-IMG%2FOCR-D-IMG_Kolonie-Zeitung-1874-11-07_P03.tif/region/size/rotation/quality.format
# http://webdokumente.c3sl.ufpr.br/images/iiif/2/OCR-D-IMG%2FOCR-D-IMG_Kolonie-Zeitung-1874-11-28_P03.tif/region/size/rotation/quality.format
# http://webdokumente.c3sl.ufpr.br/images/iiif/2/OCR-D-IMG%2FOCR-D-IMG_Kolonie-Zeitung-1875-02-20_P03.tif/region/size/rotation/quality.format
# http://webdokumente.c3sl.ufpr.br/images/iiif/2/OCR-D-IMG%2FOCR-D-IMG_Kolonie-Zeitung-1875-03-13_P03.tif/region/size/rotation/quality.format
# http://webdokumente.c3sl.ufpr.br/images/iiif/2/OCR-D-IMG%2FOCR-D-IMG_Kolonie-Zeitung-1875-04-10_P03.tif/region/size/rotation/quality.format
# http://webdokumente.c3sl.ufpr.br/images/iiif/2/OCR-D-IMG%2FOCR-D-IMG_Kolonie-Zeitung-1875-06-26_P03.tif/region/size/rotation/quality.format
# http://webdokumente.c3sl.ufpr.br/images/iiif/2/OCR-D-IMG%2FOCR-D-IMG_Kolonie-Zeitung-1875-08-21_P03.tif/region/size/rotation/quality.format
# http://webdokumente.c3sl.ufpr.br/images/iiif/2/OCR-D-IMG%2FOCR-D-IMG_Kolonie-Zeitung-1875-11-13_P03.tif/region/size/rotation/quality.format
# http://webdokumente.c3sl.ufpr.br/images/iiif/2/OCR-D-IMG%2FOCR-D-IMG_Kolonie-Zeitung-1876-03-11_P03.tif/region/size/rotation/quality.format
# http://webdokumente.c3sl.ufpr.br/images/iiif/2/OCR-D-IMG%2FOCR-D-IMG_Kolonie-Zeitung-1876-11-11_P03.tif/region/size/rotation/quality.format
# http://webdokumente.c3sl.ufpr.br/images/iiif/2/OCR-D-IMG%2FOCR-D-IMG_Kolonie-Zeitung-1877-03-10_P03.tif/region/size/rotation/quality.format
# http://webdokumente.c3sl.ufpr.br/images/iiif/2/OCR-D-IMG%2FOCR-D-IMG_Kolonie-Zeitung-1877-07-14_P03.tif/region/size/rotation/quality.format
# http://webdokumente.c3sl.ufpr.br/images/iiif/2/OCR-D-IMG%2FOCR-D-IMG_Kolonie-Zeitung-1877-08-25_P03.tif/region/size/rotation/quality.format
# http://webdokumente.c3sl.ufpr.br/images/iiif/2/OCR-D-IMG%2FOCR-D-IMG_Kolonie-Zeitung-1877-10-27_P03.tif/region/size/rotation/quality.format
# http://webdokumente.c3sl.ufpr.br/images/iiif/2/OCR-D-IMG%2FOCR-D-IMG_Kolonie-Zeitung-1878-06-29_P03.tif/region/size/rotation/quality.format
# http://webdokumente.c3sl.ufpr.br/images/iiif/2/OCR-D-IMG%2FOCR-D-IMG_Kolonie-Zeitung-1878-10-05_P03.tif/region/size/rotation/quality.format
# http://webdokumente.c3sl.ufpr.br/images/iiif/2/OCR-D-IMG%2FOCR-D-IMG_Kolonie-Zeitung-1878-11-02_P03.tif/region/size/rotation/quality.format
# http://webdokumente.c3sl.ufpr.br/images/iiif/2/OCR-D-IMG%2FOCR-D-IMG_Kolonie-Zeitung-1878-11-09_P03.tif/region/size/rotation/quality.format
# http://webdokumente.c3sl.ufpr.br/images/iiif/2/OCR-D-IMG%2FOCR-D-IMG_Kolonie-Zeitung-1879-08-16_P03.tif/region/size/rotation/quality.format
# http://webdokumente.c3sl.ufpr.br/images/iiif/2/OCR-D-IMG%2FOCR-D-IMG_Kolonie-Zeitung-1879-11-22_P03.tif/region/size/rotation/quality.format
# http://webdokumente.c3sl.ufpr.br/images/iiif/2/OCR-D-IMG%2FOCR-D-IMG_Kolonie-Zeitung-1880-01-24_P05.tif/region/size/rotation/quality.format
# http://webdokumente.c3sl.ufpr.br/images/iiif/2/OCR-D-IMG%2FOCR-D-IMG_Kolonie-Zeitung-1880-06-05_P03.tif/region/size/rotation/quality.format
# http://webdokumente.c3sl.ufpr.br/images/iiif/2/OCR-D-IMG%2FOCR-D-IMG_Kolonie-Zeitung-1880-10-16_P03.tif/region/size/rotation/quality.format
# http://webdokumente.c3sl.ufpr.br/images/iiif/2/OCR-D-IMG%2FOCR-D-IMG_Kolonie-Zeitung-1880-10-23_P03.tif/region/size/rotation/quality.format
# http://webdokumente.c3sl.ufpr.br/images/iiif/2/OCR-D-IMG%2FOCR-D-IMG_Kolonie-Zeitung-1881-01-08_P03.tif/region/size/rotation/quality.format
# http://webdokumente.c3sl.ufpr.br/images/iiif/2/OCR-D-IMG%2FOCR-D-IMG_Kolonie-Zeitung-1881-02-12_P03.tif/region/size/rotation/quality.format
# http://webdokumente.c3sl.ufpr.br/images/iiif/2/OCR-D-IMG%2FOCR-D-IMG_Kolonie-Zeitung-1881-03-26_P03.tif/region/size/rotation/quality.format
# http://webdokumente.c3sl.ufpr.br/images/iiif/2/OCR-D-IMG%2FOCR-D-IMG_Kolonie-Zeitung-1881-04-09_P03.tif/region/size/rotation/quality.format
# http://webdokumente.c3sl.ufpr.br/images/iiif/2/OCR-D-IMG%2FOCR-D-IMG_Kolonie-Zeitung-1881-04-30_P03.tif/region/size/rotation/quality.format
# http://webdokumente.c3sl.ufpr.br/images/iiif/2/OCR-D-IMG%2FOCR-D-IMG_Kolonie-Zeitung-1881-05-28_P03.tif/region/size/rotation/quality.format
# http://webdokumente.c3sl.ufpr.br/images/iiif/2/OCR-D-IMG%2FOCR-D-IMG_Kolonie-Zeitung-1881-06-11_P03.tif/region/size/rotation/quality.format
# http://webdokumente.c3sl.ufpr.br/images/iiif/2/OCR-D-IMG%2FOCR-D-IMG_Kolonie-Zeitung-1881-06-18_P03.tif/region/size/rotation/quality.format
# http://webdokumente.c3sl.ufpr.br/images/iiif/2/OCR-D-IMG%2FOCR-D-IMG_Kolonie-Zeitung-1881-07-09_P03.tif/region/size/rotation/quality.format
# http://webdokumente.c3sl.ufpr.br/images/iiif/2/OCR-D-IMG%2FOCR-D-IMG_Kolonie-Zeitung-1881-09-17_P03.tif/region/size/rotation/quality.format
# http://webdokumente.c3sl.ufpr.br/images/iiif/2/OCR-D-IMG%2FOCR-D-IMG_Kolonie-Zeitung-1881-10-01_P03.tif/region/size/rotation/quality.format
# http://webdokumente.c3sl.ufpr.br/images/iiif/2/OCR-D-IMG%2FOCR-D-IMG_Kolonie-Zeitung-1881-10-08_P03.tif/region/size/rotation/quality.format
# http://webdokumente.c3sl.ufpr.br/images/iiif/2/OCR-D-IMG%2FOCR-D-IMG_Kolonie-Zeitung-1881-11-12_P03.tif/region/size/rotation/quality.format
# http://webdokumente.c3sl.ufpr.br/images/iiif/2/OCR-D-IMG%2FOCR-D-IMG_Kolonie-Zeitung-1881-11-26_P02.tif/region/size/rotation/quality.format
# http://webdokumente.c3sl.ufpr.br/images/iiif/2/OCR-D-IMG%2FOCR-D-IMG_Kolonie-Zeitung-1881-12-17_P03.tif/region/size/rotation/quality.format
# http://webdokumente.c3sl.ufpr.br/images/iiif/2/OCR-D-IMG%2FOCR-D-IMG_Kolonie-Zeitung-1882-02-11_P03.tif/region/size/rotation/quality.format
# http://webdokumente.c3sl.ufpr.br/images/iiif/2/OCR-D-IMG%2FOCR-D-IMG_Kolonie-Zeitung-1882-03-11_P03.tif/region/size/rotation/quality.format
# http://webdokumente.c3sl.ufpr.br/images/iiif/2/OCR-D-IMG%2FOCR-D-IMG_Kolonie-Zeitung-1882-04-08_P03.tif/region/size/rotation/quality.format
# http://webdokumente.c3sl.ufpr.br/images/iiif/2/OCR-D-IMG%2FOCR-D-IMG_Kolonie-Zeitung-1882-07-01_P03.tif/region/size/rotation/quality.format
# http://webdokumente.c3sl.ufpr.br/images/iiif/2/OCR-D-IMG%2FOCR-D-IMG_Kolonie-Zeitung-1882-08-12_P03.tif/region/size/rotation/quality.format
# http://webdokumente.c3sl.ufpr.br/images/iiif/2/OCR-D-IMG%2FOCR-D-IMG_Kolonie-Zeitung-1882-08-19_P03.tif/region/size/rotation/quality.format
# http://webdokumente.c3sl.ufpr.br/images/iiif/2/OCR-D-IMG%2FOCR-D-IMG_Kolonie-Zeitung-1882-11-17_P03.tif/region/size/rotation/quality.format
# http://webdokumente.c3sl.ufpr.br/images/iiif/2/OCR-D-IMG%2FOCR-D-IMG_Kolonie-Zeitung-1882-12-15_P03.tif/region/size/rotation/quality.format
# http://webdokumente.c3sl.ufpr.br/images/iiif/2/OCR-D-IMG%2FOCR-D-IMG_Kolonie-Zeitung-1884-08-01_P02.tif/region/size/rotation/quality.format
# http://webdokumente.c3sl.ufpr.br/images/iiif/2/OCR-D-IMG%2FOCR-D-IMG_Kolonie-Zeitung-1884-08-01_P03.tif/region/size/rotation/quality.format
# http://webdokumente.c3sl.ufpr.br/images/iiif/2/OCR-D-IMG%2FOCR-D-IMG_Kolonie-Zeitung-1884-08-15_P03.tif/region/size/rotation/quality.format
# http://webdokumente.c3sl.ufpr.br/images/iiif/2/OCR-D-IMG%2FOCR-D-IMG_Kolonie-Zeitung-1884-09-05_P03.tif/region/size/rotation/quality.format
# http://webdokumente.c3sl.ufpr.br/images/iiif/2/OCR-D-IMG%2FOCR-D-IMG_Kolonie-Zeitung-1884-10-24_P03.tif/region/size/rotation/quality.format
# http://webdokumente.c3sl.ufpr.br/images/iiif/2/OCR-D-IMG%2FOCR-D-IMG_Kolonie-Zeitung-1887-01-07_P03.tif/region/size/rotation/quality.format
# http://webdokumente.c3sl.ufpr.br/images/iiif/2/OCR-D-IMG%2FOCR-D-IMG_Kolonie-Zeitung-1887-02-04_P03.tif/region/size/rotation/quality.format
# http://webdokumente.c3sl.ufpr.br/images/iiif/2/OCR-D-IMG%2FOCR-D-IMG_Kolonie-Zeitung-1887-02-18_P03.tif/region/size/rotation/quality.format
# http://webdokumente.c3sl.ufpr.br/images/iiif/2/OCR-D-IMG%2FOCR-D-IMG_Kolonie-Zeitung-1887-03-04_P03.tif/region/size/rotation/quality.format
# http://webdokumente.c3sl.ufpr.br/images/iiif/2/OCR-D-IMG%2FOCR-D-IMG_Kolonie-Zeitung-1887-03-18_P03.tif/region/size/rotation/quality.format
# http://webdokumente.c3sl.ufpr.br/images/iiif/2/OCR-D-IMG%2FOCR-D-IMG_Kolonie-Zeitung-1887-03-25_P03.tif/region/size/rotation/quality.format
# http://webdokumente.c3sl.ufpr.br/images/iiif/2/OCR-D-IMG%2FOCR-D-IMG_Kolonie-Zeitung-1887-04-01_P03.tif/region/size/rotation/quality.format
# http://webdokumente.c3sl.ufpr.br/images/iiif/2/OCR-D-IMG%2FOCR-D-IMG_Kolonie-Zeitung-1887-04-08_P02.tif/region/size/rotation/quality.format
# http://webdokumente.c3sl.ufpr.br/images/iiif/2/OCR-D-IMG%2FOCR-D-IMG_Kolonie-Zeitung-1887-04-08_P03.tif/region/size/rotation/quality.format
# http://webdokumente.c3sl.ufpr.br/images/iiif/2/OCR-D-IMG%2FOCR-D-IMG_Kolonie-Zeitung-1887-04-22_P03.tif/region/size/rotation/quality.format
# http://webdokumente.c3sl.ufpr.br/images/iiif/2/OCR-D-IMG%2FOCR-D-IMG_Kolonie-Zeitung-1887-04-29_P03.tif/region/size/rotation/quality.format
# http://webdokumente.c3sl.ufpr.br/images/iiif/2/OCR-D-IMG%2FOCR-D-IMG_Kolonie-Zeitung-1887-05-06_P03.tif/region/size/rotation/quality.format
# http://webdokumente.c3sl.ufpr.br/images/iiif/2/OCR-D-IMG%2FOCR-D-IMG_Kolonie-Zeitung-1887-05-20_P03.tif/region/size/rotation/quality.format
# http://webdokumente.c3sl.ufpr.br/images/iiif/2/OCR-D-IMG%2FOCR-D-IMG_Kolonie-Zeitung-1887-05-27_P03.tif/region/size/rotation/quality.format
# http://webdokumente.c3sl.ufpr.br/images/iiif/2/OCR-D-IMG%2FOCR-D-IMG_Kolonie-Zeitung-1887-06-17_P03.tif/region/size/rotation/quality.format
# http://webdokumente.c3sl.ufpr.br/images/iiif/2/OCR-D-IMG%2FOCR-D-IMG_Kolonie-Zeitung-1887-07-08_P03.tif/region/size/rotation/quality.format
# http://webdokumente.c3sl.ufpr.br/images/iiif/2/OCR-D-IMG%2FOCR-D-IMG_Kolonie-Zeitung-1887-07-15_P03.tif/region/size/rotation/quality.format
# http://webdokumente.c3sl.ufpr.br/images/iiif/2/OCR-D-IMG%2FOCR-D-IMG_Kolonie-Zeitung-1887-07-29_P03.tif/region/size/rotation/quality.format
# http://webdokumente.c3sl.ufpr.br/images/iiif/2/OCR-D-IMG%2FOCR-D-IMG_Kolonie-Zeitung-1887-08-12_P03.tif/region/size/rotation/quality.format
# http://webdokumente.c3sl.ufpr.br/images/iiif/2/OCR-D-IMG%2FOCR-D-IMG_Kolonie-Zeitung-1887-08-19_P03.tif/region/size/rotation/quality.format
# http://webdokumente.c3sl.ufpr.br/images/iiif/2/OCR-D-IMG%2FOCR-D-IMG_Kolonie-Zeitung-1887-08-26_P03.tif/region/size/rotation/quality.format
# http://webdokumente.c3sl.ufpr.br/images/iiif/2/OCR-D-IMG%2FOCR-D-IMG_Kolonie-Zeitung-1887-09-02_P03.tif/region/size/rotation/quality.format
# http://webdokumente.c3sl.ufpr.br/images/iiif/2/OCR-D-IMG%2FOCR-D-IMG_Kolonie-Zeitung-1887-09-09_P03.tif/region/size/rotation/quality.format
# http://webdokumente.c3sl.ufpr.br/images/iiif/2/OCR-D-IMG%2FOCR-D-IMG_Kolonie-Zeitung-1887-09-16_P03.tif/region/size/rotation/quality.format
# http://webdokumente.c3sl.ufpr.br/images/iiif/2/OCR-D-IMG%2FOCR-D-IMG_Kolonie-Zeitung-1887-09-23_P03.tif/region/size/rotation/quality.format
# http://webdokumente.c3sl.ufpr.br/images/iiif/2/OCR-D-IMG%2FOCR-D-IMG_Kolonie-Zeitung-1887-09-30_P03.tif/region/size/rotation/quality.format
# http://webdokumente.c3sl.ufpr.br/images/iiif/2/OCR-D-IMG%2FOCR-D-IMG_Kolonie-Zeitung-1887-10-14_P03.tif/region/size/rotation/quality.format
# http://webdokumente.c3sl.ufpr.br/images/iiif/2/OCR-D-IMG%2FOCR-D-IMG_Kolonie-Zeitung-1887-10-21_P03.tif/region/size/rotation/quality.format
# http://webdokumente.c3sl.ufpr.br/images/iiif/2/OCR-D-IMG%2FOCR-D-IMG_Kolonie-Zeitung-1887-11-04_P03.tif/region/size/rotation/quality.format
# http://webdokumente.c3sl.ufpr.br/images/iiif/2/OCR-D-IMG%2FOCR-D-IMG_Kolonie-Zeitung-1887-11-11_P02.tif/region/size/rotation/quality.format
# http://webdokumente.c3sl.ufpr.br/images/iiif/2/OCR-D-IMG%2FOCR-D-IMG_Kolonie-Zeitung-1887-11-18_P02.tif/region/size/rotation/quality.format
# http://webdokumente.c3sl.ufpr.br/images/iiif/2/OCR-D-IMG%2FOCR-D-IMG_Kolonie-Zeitung-1887-11-25_P03.tif/region/size/rotation/quality.format
# http://webdokumente.c3sl.ufpr.br/images/iiif/2/OCR-D-IMG%2FOCR-D-IMG_Kolonie-Zeitung-1887-12-02_P03.tif/region/size/rotation/quality.format
# http://webdokumente.c3sl.ufpr.br/images/iiif/2/OCR-D-IMG%2FOCR-D-IMG_Kolonie-Zeitung-1887-12-09_P03.tif/region/size/rotation/quality.format
# http://webdokumente.c3sl.ufpr.br/images/iiif/2/OCR-D-IMG%2FOCR-D-IMG_Kolonie-Zeitung-1887-12-23_P03.tif/region/size/rotation/quality.format
# http://webdokumente.c3sl.ufpr.br/images/iiif/2/OCR-D-IMG%2FOCR-D-IMG_Kolonie-Zeitung-1888-07-05_P03.tif/region/size/rotation/quality.format
# http://webdokumente.c3sl.ufpr.br/images/iiif/2/OCR-D-IMG%2FOCR-D-IMG_Kolonie-Zeitung-1888-07-10_P01.tif/region/size/rotation/quality.format
# http://webdokumente.c3sl.ufpr.br/images/iiif/2/OCR-D-IMG%2FOCR-D-IMG_Kolonie-Zeitung-1888-07-12_P03.tif/region/size/rotation/quality.format
# http://webdokumente.c3sl.ufpr.br/images/iiif/2/OCR-D-IMG%2FOCR-D-IMG_Kolonie-Zeitung-1888-07-31_P01.tif/region/size/rotation/quality.format
# http://webdokumente.c3sl.ufpr.br/images/iiif/2/OCR-D-IMG%2FOCR-D-IMG_Kolonie-Zeitung-1888-08-09_P02.tif/region/size/rotation/quality.format
# http://webdokumente.c3sl.ufpr.br/images/iiif/2/OCR-D-IMG%2FOCR-D-IMG_Kolonie-Zeitung-1888-08-09_P03.tif/region/size/rotation/quality.format
# http://webdokumente.c3sl.ufpr.br/images/iiif/2/OCR-D-IMG%2FOCR-D-IMG_Kolonie-Zeitung-1888-08-16_P03.tif/region/size/rotation/quality.format
# http://webdokumente.c3sl.ufpr.br/images/iiif/2/OCR-D-IMG%2FOCR-D-IMG_Kolonie-Zeitung-1888-09-04_P01.tif/region/size/rotation/quality.format
# http://webdokumente.c3sl.ufpr.br/images/iiif/2/OCR-D-IMG%2FOCR-D-IMG_Kolonie-Zeitung-1888-09-06_P03.tif/region/size/rotation/quality.format
# http://webdokumente.c3sl.ufpr.br/images/iiif/2/OCR-D-IMG%2FOCR-D-IMG_Kolonie-Zeitung-1888-09-13_P03.tif/region/size/rotation/quality.format
# http://webdokumente.c3sl.ufpr.br/images/iiif/2/OCR-D-IMG%2FOCR-D-IMG_Kolonie-Zeitung-1888-09-18_P01.tif/region/size/rotation/quality.format
# http://webdokumente.c3sl.ufpr.br/images/iiif/2/OCR-D-IMG%2FOCR-D-IMG_Kolonie-Zeitung-1888-09-25_P01.tif/region/size/rotation/quality.format
# http://webdokumente.c3sl.ufpr.br/images/iiif/2/OCR-D-IMG%2FOCR-D-IMG_Kolonie-Zeitung-1888-10-23_P01.tif/region/size/rotation/quality.format
# http://webdokumente.c3sl.ufpr.br/images/iiif/2/OCR-D-IMG%2FOCR-D-IMG_Kolonie-Zeitung-1888-11-08_P03.tif/region/size/rotation/quality.format
# http://webdokumente.c3sl.ufpr.br/images/iiif/2/OCR-D-IMG%2FOCR-D-IMG_Kolonie-Zeitung-1888-11-29_P03.tif/region/size/rotation/quality.format
# http://webdokumente.c3sl.ufpr.br/images/iiif/2/OCR-D-IMG%2FOCR-D-IMG_Kolonie-Zeitung-1888-12-11_P01.tif/region/size/rotation/quality.format
# http://webdokumente.c3sl.ufpr.br/images/iiif/2/OCR-D-IMG%2FOCR-D-IMG_Kolonie-Zeitung-1888-12-20_P00.tif/region/size/rotation/quality.format
# http://webdokumente.c3sl.ufpr.br/images/iiif/2/OCR-D-IMG%2FOCR-D-IMG_Kolonie-Zeitung-1888-12-20_P01.tif/region/size/rotation/quality.format
# http://webdokumente.c3sl.ufpr.br/images/iiif/2/OCR-D-IMG%2FOCR-D-IMG_Kolonie-Zeitung-1889-05-16_P03.tif/region/size/rotation/quality.format
# http://webdokumente.c3sl.ufpr.br/images/iiif/2/OCR-D-IMG%2FOCR-D-IMG_Kolonie-Zeitung-1889-09-05_P03.tif/region/size/rotation/quality.format
# http://webdokumente.c3sl.ufpr.br/images/iiif/2/OCR-D-IMG%2FOCR-D-IMG_Kolonie-Zeitung-1889-09-26_P03.tif/region/size/rotation/quality.format
# http://webdokumente.c3sl.ufpr.br/images/iiif/2/OCR-D-IMG%2FOCR-D-IMG_Kolonie-Zeitung-1889-10-31_P03.tif/region/size/rotation/quality.format
# http://webdokumente.c3sl.ufpr.br/images/iiif/2/OCR-D-IMG%2FOCR-D-IMG_Kolonie-Zeitung-1889-12-17_P01.tif/region/size/rotation/quality.format
# http://webdokumente.c3sl.ufpr.br/images/iiif/2/OCR-D-IMG%2FOCR-D-IMG_Kolonie-Zeitung-1889-12-19_P03.tif/region/size/rotation/quality.format
# http://webdokumente.c3sl.ufpr.br/images/iiif/2/OCR-D-IMG%2FOCR-D-IMG_Kolonie-Zeitung-1889-12-24_P02.tif/region/size/rotation/quality.format
# http://webdokumente.c3sl.ufpr.br/images/iiif/2/OCR-D-IMG%2FOCR-D-IMG_Kolonie-Zeitung-1889-12-24_P03.tif/region/size/rotation/quality.format
# http://webdokumente.c3sl.ufpr.br/images/iiif/2/OCR-D-IMG%2FOCR-D-IMG_Kolonie-Zeitung-1900-01-02_P01.tif/region/size/rotation/quality.format
# http://webdokumente.c3sl.ufpr.br/images/iiif/2/OCR-D-IMG%2FOCR-D-IMG_Kolonie-Zeitung-1900-01-04_P03.tif/region/size/rotation/quality.format
# http://webdokumente.c3sl.ufpr.br/images/iiif/2/OCR-D-IMG%2FOCR-D-IMG_Kolonie-Zeitung-1900-01-09_P01.tif/region/size/rotation/quality.format
# http://webdokumente.c3sl.ufpr.br/images/iiif/2/OCR-D-IMG%2FOCR-D-IMG_Kolonie-Zeitung-1900-01-11_P03.tif/region/size/rotation/quality.format
# http://webdokumente.c3sl.ufpr.br/images/iiif/2/OCR-D-IMG%2FOCR-D-IMG_Kolonie-Zeitung-1900-01-18_P02.tif/region/size/rotation/quality.format
# http://webdokumente.c3sl.ufpr.br/images/iiif/2/OCR-D-IMG%2FOCR-D-IMG_Deutsches-Wochenblatt-1886-01-09_P03.tif/region/size/rotation/quality.format
# http://webdokumente.c3sl.ufpr.br/images/iiif/2/OCR-D-IMG%2FOCR-D-IMG_Deutsches-Wochenblatt-1886-01-30_P03.tif/region/size/rotation/quality.format
# http://webdokumente.c3sl.ufpr.br/images/iiif/2/OCR-D-IMG%2FOCR-D-IMG_Deutsches-Wochenblatt-1886-02-27_P03.tif/region/size/rotation/quality.format
# http://webdokumente.c3sl.ufpr.br/images/iiif/2/OCR-D-IMG%2FOCR-D-IMG_Deutsches-Wochenblatt-1886-04-03_P03.tif/region/size/rotation/quality.format
# http://webdokumente.c3sl.ufpr.br/images/iiif/2/OCR-D-IMG%2FOCR-D-IMG_Deutsches-Wochenblatt-1886-04-17_P03.tif/region/size/rotation/quality.format
# http://webdokumente.c3sl.ufpr.br/images/iiif/2/OCR-D-IMG%2FOCR-D-IMG_Deutsches-Echo-1886-06-19_P05.tif/region/size/rotation/quality.format
# http://webdokumente.c3sl.ufpr.br/images/iiif/2/OCR-D-IMG%2FOCR-D-IMG_Deutsches-Echo-1886-07-17_P03.tif/region/size/rotation/quality.format
# http://webdokumente.c3sl.ufpr.br/images/iiif/2/OCR-D-IMG%2FOCR-D-IMG_Deutsches-Echo-1886-09-04_P05.tif/region/size/rotation/quality.format
# http://webdokumente.c3sl.ufpr.br/images/iiif/2/OCR-D-IMG%2FOCR-D-IMG_Der-Pionier-1887-07-02_P02.tif/region/size/rotation/quality.format
# http://webdokumente.c3sl.ufpr.br/images/iiif/2/OCR-D-IMG%2FOCR-D-IMG_Der-Pionier-1887-07-02_P03.tif/region/size/rotation/quality.format
# http://webdokumente.c3sl.ufpr.br/images/iiif/2/OCR-D-IMG%2FOCR-D-IMG_Der-Pionier-1887-07-09_P03.tif/region/size/rotation/quality.format
# http://webdokumente.c3sl.ufpr.br/images/iiif/2/OCR-D-IMG%2FOCR-D-IMG_Der-Pionier-1887-07-09_P04.tif/region/size/rotation/quality.format
# http://webdokumente.c3sl.ufpr.br/images/iiif/2/OCR-D-IMG%2FOCR-D-IMG_Der-Pionier-1887-08-06_P03.tif/region/size/rotation/quality.format
# http://webdokumente.c3sl.ufpr.br/images/iiif/2/OCR-D-IMG%2FOCR-D-IMG_Neuer-Deutscher-Kolonie-Anzeiger-1887-08-06_P00.tif/region/size/rotation/quality.format
# http://webdokumente.c3sl.ufpr.br/images/iiif/2/OCR-D-IMG%2FOCR-D-IMG_Neuer-Deutscher-Kolonie-Anzeiger-1887-08-06_P01.tif/region/size/rotation/quality.format
# http://webdokumente.c3sl.ufpr.br/images/iiif/2/OCR-D-IMG%2FOCR-D-IMG_Neuer-Deutscher-Kolonie-Anzeiger-1887-08-06_P02.tif/region/size/rotation/quality.format
# http://webdokumente.c3sl.ufpr.br/images/iiif/2/OCR-D-IMG%2FOCR-D-IMG_Neuer-Deutscher-Kolonie-Anzeiger-1887-08-06_P03.tif/region/size/rotation/quality.format
# http://webdokumente.c3sl.ufpr.br/images/iiif/2/OCR-D-IMG%2FOCR-D-IMG_Der-Pionier-1887-10-01_P03.tif/region/size/rotation/quality.format
# http://webdokumente.c3sl.ufpr.br/images/iiif/2/OCR-D-IMG%2FOCR-D-IMG_Der-Pionier-1887-10-08_P02.tif/region/size/rotation/quality.format
# http://webdokumente.c3sl.ufpr.br/images/iiif/2/OCR-D-IMG%2FOCR-D-IMG_Der-Pionier-1887-12-10_P04.tif/region/size/rotation/quality.format
# http://webdokumente.c3sl.ufpr.br/images/iiif/2/OCR-D-IMG%2FOCR-D-IMG_Der-Pionier-1888-01-21_P04.tif/region/size/rotation/quality.format
# http://webdokumente.c3sl.ufpr.br/images/iiif/2/OCR-D-IMG%2FOCR-D-IMG_Der-Pionier-1888-01-21_P05.tif/region/size/rotation/quality.format
# http://webdokumente.c3sl.ufpr.br/images/iiif/2/OCR-D-IMG%2FOCR-D-IMG_Der-Pionier-1888-03-03_P02.tif/region/size/rotation/quality.format
# http://webdokumente.c3sl.ufpr.br/images/iiif/2/OCR-D-IMG%2FOCR-D-IMG_Der-Pionier-1888-03-10_P02.tif/region/size/rotation/quality.format
# http://webdokumente.c3sl.ufpr.br/images/iiif/2/OCR-D-IMG%2FOCR-D-IMG_Der-Pionier-1888-03-17_P02.tif/region/size/rotation/quality.format
# http://webdokumente.c3sl.ufpr.br/images/iiif/2/OCR-D-IMG%2FOCR-D-IMG_Der-Pionier-1888-03-24_P04.tif/region/size/rotation/quality.format
# http://webdokumente.c3sl.ufpr.br/images/iiif/2/OCR-D-IMG%2FOCR-D-IMG_Der-Pionier-1888-03-31_P03.tif/region/size/rotation/quality.format
# http://webdokumente.c3sl.ufpr.br/images/iiif/2/OCR-D-IMG%2FOCR-D-IMG_Der-Pionier-1888-04-18_P03.tif/region/size/rotation/quality.format
# http://webdokumente.c3sl.ufpr.br/images/iiif/2/OCR-D-IMG%2FOCR-D-IMG_Der-Pionier-1888-04-28_P02.tif/region/size/rotation/quality.format
# http://webdokumente.c3sl.ufpr.br/images/iiif/2/OCR-D-IMG%2FOCR-D-IMG_Der-Pionier-1888-05-12_P03.tif/region/size/rotation/quality.format
# http://webdokumente.c3sl.ufpr.br/images/iiif/2/OCR-D-IMG%2FOCR-D-IMG_Der-Pionier-1888-05-19_P00.tif/region/size/rotation/quality.format
# http://webdokumente.c3sl.ufpr.br/images/iiif/2/OCR-D-IMG%2FOCR-D-IMG_Der-Pionier-1888-05-19_P02.tif/region/size/rotation/quality.format
# http://webdokumente.c3sl.ufpr.br/images/iiif/2/OCR-D-IMG%2FOCR-D-IMG_Der-Pionier-1888-05-19_P03.tif/region/size/rotation/quality.format
# http://webdokumente.c3sl.ufpr.br/images/iiif/2/OCR-D-IMG%2FOCR-D-IMG_Der-Pionier-1888-06-23_P02.tif/region/size/rotation/quality.format
# http://webdokumente.c3sl.ufpr.br/images/iiif/2/OCR-D-IMG%2FOCR-D-IMG_Der-Pionier-1888-06-30_P03.tif/region/size/rotation/quality.format
# http://webdokumente.c3sl.ufpr.br/images/iiif/2/OCR-D-IMG%2FOCR-D-IMG_Der-Pionier-1888-07-28_P02.tif/region/size/rotation/quality.format
# http://webdokumente.c3sl.ufpr.br/images/iiif/2/OCR-D-IMG%2FOCR-D-IMG_Der-Pionier-1888-08-04_P03.tif/region/size/rotation/quality.format
# http://webdokumente.c3sl.ufpr.br/images/iiif/2/OCR-D-IMG%2FOCR-D-IMG_Der-Pionier-1888-08-25_P02.tif/region/size/rotation/quality.format
# http://webdokumente.c3sl.ufpr.br/images/iiif/2/OCR-D-IMG%2FOCR-D-IMG_Der-Pionier-1888-09-22_P02.tif/region/size/rotation/quality.format
# http://webdokumente.c3sl.ufpr.br/images/iiif/2/OCR-D-IMG%2FOCR-D-IMG_Der-Pionier-1888-09-22_P03.tif/region/size/rotation/quality.format
# http://webdokumente.c3sl.ufpr.br/images/iiif/2/OCR-D-IMG%2FOCR-D-IMG_Der-Pionier-1888-09-29_P03.tif/region/size/rotation/quality.format
# http://webdokumente.c3sl.ufpr.br/images/iiif/2/OCR-D-IMG%2FOCR-D-IMG_Der-Pionier-1888-10-27_P02.tif/region/size/rotation/quality.format
# http://webdokumente.c3sl.ufpr.br/images/iiif/2/OCR-D-IMG%2FOCR-D-IMG_Der-Pionier-1888-10-27_P03.tif/region/size/rotation/quality.format
# http://webdokumente.c3sl.ufpr.br/images/iiif/2/OCR-D-IMG%2FOCR-D-IMG_Der-Pionier-1888-11-24_P02.tif/region/size/rotation/quality.format
# http://webdokumente.c3sl.ufpr.br/images/iiif/2/OCR-D-IMG%2FOCR-D-IMG_Der-Pionier-1888-12-08_P03.tif/region/size/rotation/quality.format
# http://webdokumente.c3sl.ufpr.br/images/iiif/2/OCR-D-IMG%2FOCR-D-IMG_Der-Pionier-1888-12-22_P02.tif/region/size/rotation/quality.format
# http://webdokumente.c3sl.ufpr.br/images/iiif/2/OCR-D-IMG%2FOCR-D-IMG_Der-Pionier-1889-01-12_P03.tif/region/size/rotation/quality.format
# http://webdokumente.c3sl.ufpr.br/images/iiif/2/OCR-D-IMG%2FOCR-D-IMG_Der-Pionier-1889-02-09_P02.tif/region/size/rotation/quality.format
# http://webdokumente.c3sl.ufpr.br/images/iiif/2/OCR-D-IMG%2FOCR-D-IMG_Der-Pionier-1889-02-16_P02.tif/region/size/rotation/quality.format
# http://webdokumente.c3sl.ufpr.br/images/iiif/2/OCR-D-IMG%2FOCR-D-IMG_Der-Pionier-1889-03-02_P03.tif/region/size/rotation/quality.format
# http://webdokumente.c3sl.ufpr.br/images/iiif/2/OCR-D-IMG%2FOCR-D-IMG_Der-Pionier-1889-05-04_P02.tif/region/size/rotation/quality.format
# http://webdokumente.c3sl.ufpr.br/images/iiif/2/OCR-D-IMG%2FOCR-D-IMG_Der-Pionier-1889-05-22_P03.tif/region/size/rotation/quality.format
# http://webdokumente.c3sl.ufpr.br/images/iiif/2/OCR-D-IMG%2FOCR-D-IMG_Der-Pionier-1889-06-15_P02.tif/region/size/rotation/quality.format
# http://webdokumente.c3sl.ufpr.br/images/iiif/2/OCR-D-IMG%2FOCR-D-IMG_Der-Pionier-1889-07-24_P02.tif/region/size/rotation/quality.format
# http://webdokumente.c3sl.ufpr.br/images/iiif/2/OCR-D-IMG%2FOCR-D-IMG_Der-Pionier-1889-08-07_P02.tif/region/size/rotation/quality.format
# http://webdokumente.c3sl.ufpr.br/images/iiif/2/OCR-D-IMG%2FOCR-D-IMG_Der-Pionier-1889-08-21_P02.tif/region/size/rotation/quality.format
# http://webdokumente.c3sl.ufpr.br/images/iiif/2/OCR-D-IMG%2FOCR-D-IMG_Der-Pionier-1889-09-04_P02.tif/region/size/rotation/quality.format
# http://webdokumente.c3sl.ufpr.br/images/iiif/2/OCR-D-IMG%2FOCR-D-IMG_Der-Pionier-1889-10-09_P02.tif/region/size/rotation/quality.format
# http://webdokumente.c3sl.ufpr.br/images/iiif/2/OCR-D-IMG%2FOCR-D-IMG_Der-Pionier-1889-11-02_P01.tif/region/size/rotation/quality.format
# http://webdokumente.c3sl.ufpr.br/images/iiif/2/OCR-D-IMG%2FOCR-D-IMG_Der-Pionier-1889-11-09_P03.tif/region/size/rotation/quality.format
# http://webdokumente.c3sl.ufpr.br/images/iiif/2/OCR-D-IMG%2FOCR-D-IMG_Der-Pionier-1889-11-23_P02.tif/region/size/rotation/quality.format
# http://webdokumente.c3sl.ufpr.br/images/iiif/2/OCR-D-IMG%2FOCR-D-IMG_Der-Pionier-1889-12-14_P02.tif/region/size/rotation/quality.format
# http://webdokumente.c3sl.ufpr.br/images/iiif/2/OCR-D-IMG%2FOCR-D-IMG_Der-Pionier-1889-12-14_P03.tif/region/size/rotation/quality.format
# http://webdokumente.c3sl.ufpr.br/images/iiif/2/OCR-D-IMG%2FOCR-D-IMG_Der-Pionier-1889-12-18_P02.tif/region/size/rotation/quality.format
# http://webdokumente.c3sl.ufpr.br/images/iiif/2/OCR-D-IMG%2FOCR-D-IMG_Der-Pionier-1890-03-15_P02.tif/region/size/rotation/quality.format
# http://webdokumente.c3sl.ufpr.br/images/iiif/2/OCR-D-IMG%2FOCR-D-IMG_Der-Pionier-1890-03-26_P03.tif/region/size/rotation/quality.format
# http://webdokumente.c3sl.ufpr.br/images/iiif/2/OCR-D-IMG%2FOCR-D-IMG_Der-Pionier-1890-05-07_P02.tif/region/size/rotation/quality.format
# http://webdokumente.c3sl.ufpr.br/images/iiif/2/OCR-D-IMG%2FOCR-D-IMG_Der-Pionier-1890-05-17_P02.tif/region/size/rotation/quality.format
# http://webdokumente.c3sl.ufpr.br/images/iiif/2/OCR-D-IMG%2FOCR-D-IMG_Der-Pionier-1890-05-24_P02.tif/region/size/rotation/quality.format
# http://webdokumente.c3sl.ufpr.br/images/iiif/2/OCR-D-IMG%2FOCR-D-IMG_Der-Pionier-1890-05-31_P02.tif/region/size/rotation/quality.format
# http://webdokumente.c3sl.ufpr.br/images/iiif/2/OCR-D-IMG%2FOCR-D-IMG_Der-Pionier-1890-06-04_P02.tif/region/size/rotation/quality.format
# http://webdokumente.c3sl.ufpr.br/images/iiif/2/OCR-D-IMG%2FOCR-D-IMG_Der-Pionier-1890-06-18_P02.tif/region/size/rotation/quality.format
# http://webdokumente.c3sl.ufpr.br/images/iiif/2/OCR-D-IMG%2FOCR-D-IMG_Der-Pionier-1890-07-30_P03.tif/region/size/rotation/quality.format
# http://webdokumente.c3sl.ufpr.br/images/iiif/2/OCR-D-IMG%2FOCR-D-IMG_Der-Pionier-1890-08-13_P02.tif/region/size/rotation/quality.format
# http://webdokumente.c3sl.ufpr.br/images/iiif/2/OCR-D-IMG%2FOCR-D-IMG_Der-Pionier-1890-09-13_P02.tif/region/size/rotation/quality.format
# http://webdokumente.c3sl.ufpr.br/images/iiif/2/OCR-D-IMG%2FOCR-D-IMG_Der-Pionier-1890-09-13_P03.tif/region/size/rotation/quality.format
# http://webdokumente.c3sl.ufpr.br/images/iiif/2/OCR-D-IMG%2FOCR-D-IMG_Der-Pionier-1890-11-29_P02.tif/region/size/rotation/quality.format
# http://webdokumente.c3sl.ufpr.br/images/iiif/2/OCR-D-IMG%2FOCR-D-IMG_Der-Pionier-1890-12-10_P01.tif/region/size/rotation/quality.format
# http://webdokumente.c3sl.ufpr.br/images/iiif/2/OCR-D-IMG%2FOCR-D-IMG_Der-Pionier-1891-01-24_P02.tif/region/size/rotation/quality.format
# http://webdokumente.c3sl.ufpr.br/images/iiif/2/OCR-D-IMG%2FOCR-D-IMG_Der-Pionier-1891-02-04_P01.tif/region/size/rotation/quality.format
# http://webdokumente.c3sl.ufpr.br/images/iiif/2/OCR-D-IMG%2FOCR-D-IMG_Der-Pionier-1891-02-07_P03.tif/region/size/rotation/quality.format
# http://webdokumente.c3sl.ufpr.br/images/iiif/2/OCR-D-IMG%2FOCR-D-IMG_Der-Pionier-1891-03-14_P02.tif/region/size/rotation/quality.format
# http://webdokumente.c3sl.ufpr.br/images/iiif/2/OCR-D-IMG%2FOCR-D-IMG_Der-Pionier-1891-03-18_P02.tif/region/size/rotation/quality.format
# http://webdokumente.c3sl.ufpr.br/images/iiif/2/OCR-D-IMG%2FOCR-D-IMG_Der-Pionier-1891-03-21_P02.tif/region/size/rotation/quality.format
# http://webdokumente.c3sl.ufpr.br/images/iiif/2/OCR-D-IMG%2FOCR-D-IMG_Der-Pionier-1891-03-21_P03.tif/region/size/rotation/quality.format
# http://webdokumente.c3sl.ufpr.br/images/iiif/2/OCR-D-IMG%2FOCR-D-IMG_Der-Pionier-1891-03-25_P03.tif/region/size/rotation/quality.format
# http://webdokumente.c3sl.ufpr.br/images/iiif/2/OCR-D-IMG%2FOCR-D-IMG_Der-Pionier-1891-04-04_P02.tif/region/size/rotation/quality.format
# http://webdokumente.c3sl.ufpr.br/images/iiif/2/OCR-D-IMG%2FOCR-D-IMG_Der-Pionier-1891-04-08_P02.tif/region/size/rotation/quality.format
# http://webdokumente.c3sl.ufpr.br/images/iiif/2/OCR-D-IMG%2FOCR-D-IMG_Der-Pionier-1891-04-22_P02.tif/region/size/rotation/quality.format
# http://webdokumente.c3sl.ufpr.br/images/iiif/2/OCR-D-IMG%2FOCR-D-IMG_Der-Pionier-1891-05-13_P03.tif/region/size/rotation/quality.format
# http://webdokumente.c3sl.ufpr.br/images/iiif/2/OCR-D-IMG%2FOCR-D-IMG_Der-Pionier-1891-05-30_P01.tif/region/size/rotation/quality.format
# http://webdokumente.c3sl.ufpr.br/images/iiif/2/OCR-D-IMG%2FOCR-D-IMG_Der-Pionier-1891-08-15_P03.tif/region/size/rotation/quality.format
# http://webdokumente.c3sl.ufpr.br/images/iiif/2/OCR-D-IMG%2FOCR-D-IMG_Der-Pionier-1891-09-09_P01.tif/region/size/rotation/quality.format
# http://webdokumente.c3sl.ufpr.br/images/iiif/2/OCR-D-IMG%2FOCR-D-IMG_Der-Pionier-1891-09-26_P02.tif/region/size/rotation/quality.format
# http://webdokumente.c3sl.ufpr.br/images/iiif/2/OCR-D-IMG%2FOCR-D-IMG_Der-Pionier-1891-10-07_P03.tif/region/size/rotation/quality.format
# http://webdokumente.c3sl.ufpr.br/images/iiif/2/OCR-D-IMG%2FOCR-D-IMG_Der-Pionier-1891-11-14_P02.tif/region/size/rotation/quality.format
# http://webdokumente.c3sl.ufpr.br/images/iiif/2/OCR-D-IMG%2FOCR-D-IMG_Der-Pionier-1891-11-14_P03.tif/region/size/rotation/quality.format
# http://webdokumente.c3sl.ufpr.br/images/iiif/2/OCR-D-IMG%2FOCR-D-IMG_Brusquer-Zeitung-1912-01-01_P03.tif/region/size/rotation/quality.format
# http://webdokumente.c3sl.ufpr.br/images/iiif/2/OCR-D-IMG%2FOCR-D-IMG_Brusquer-Zeitung-1912-01-13_P03.tif/region/size/rotation/quality.format
# http://webdokumente.c3sl.ufpr.br/images/iiif/2/OCR-D-IMG%2FOCR-D-IMG_Brusquer-Zeitung-1912-01-27_P03.tif/region/size/rotation/quality.format
# http://webdokumente.c3sl.ufpr.br/images/iiif/2/OCR-D-IMG%2FOCR-D-IMG_Brusquer-Zeitung-1912-02-17_P02.tif/region/size/rotation/quality.format
# http://webdokumente.c3sl.ufpr.br/images/iiif/2/OCR-D-IMG%2FOCR-D-IMG_Brusquer-Zeitung-1912-03-16_P02.tif/region/size/rotation/quality.format
# http://webdokumente.c3sl.ufpr.br/images/iiif/2/OCR-D-IMG%2FOCR-D-IMG_Brusquer-Zeitung-1912-04-06_P03.tif/region/size/rotation/quality.format
# http://webdokumente.c3sl.ufpr.br/images/iiif/2/OCR-D-IMG%2FOCR-D-IMG_Brusquer-Zeitung-1912-04-20_P02.tif/region/size/rotation/quality.format
# http://webdokumente.c3sl.ufpr.br/images/iiif/2/OCR-D-IMG%2FOCR-D-IMG_Brusquer-Zeitung-1912-04-20_P03.tif/region/size/rotation/quality.format
# http://webdokumente.c3sl.ufpr.br/images/iiif/2/OCR-D-IMG%2FOCR-D-IMG_Brusquer-Zeitung-1912-04-27_P03.tif/region/size/rotation/quality.format
# http://webdokumente.c3sl.ufpr.br/images/iiif/2/OCR-D-IMG%2FOCR-D-IMG_Brusquer-Zeitung-1912-05-11_P02.tif/region/size/rotation/quality.format
# http://webdokumente.c3sl.ufpr.br/images/iiif/2/OCR-D-IMG%2FOCR-D-IMG_Brusquer-Zeitung-1912-05-18_P02.tif/region/size/rotation/quality.format
# http://webdokumente.c3sl.ufpr.br/images/iiif/2/OCR-D-IMG%2FOCR-D-IMG_Brusquer-Zeitung-1912-06-22_P03.tif/region/size/rotation/quality.format
# http://webdokumente.c3sl.ufpr.br/images/iiif/2/OCR-D-IMG%2FOCR-D-IMG_Brusquer-Zeitung-1912-06-29_P03.tif/region/size/rotation/quality.format
Abends.	German	Fraktur	Word	Kolonie-Zeitung-1874-09-26_P03_r1_line0004_word0007	82	1853,7984,271,72	0.125	211,7591,2490,776	0.125
hat	German	Fraktur	Word	Kolonie-Zeitung-1880-10-23_P03_r1_line0007_word0003	106	1694,6100,106,83	0.0	356,5294,2520,1422	0.0
Tagen	German	Fraktur	Word	Kolonie-Zeitung-1887-02-18_P03_r1_line0001_word0004	137	3860,4899,321,127	0.125	2683,4541,2047,1160	0.125
eine	German	Fraktur	Word	Kolonie-Zeitung-1871-10-14_P03_r1_line0099_word0007	53	2741,7593,132,73	0.0	330,3310,5103,5551	0.0
Rezepte.	German	Fraktur	Word	Kolonie-Zeitung-1868-09-05_P03_r1_line0005_word0000	35	3109,4899,216,70	359.75	3077,4430,2458,1719	359.75
Alles	German	Fraktur	Word	Kolonie-Zeitung-1867-08-24_P03_r1_line0017_word0011	24	5825,3006,141,55	359.875	3351,1574,2644,1912	359.875
ſchlechten	German	Fraktur	Word	Kolonie-Zeitung-1868-01-11_P03_r1_line0025_word0005	29	4318,5815,249,71	0.125	3251,3515,2466,4041	0.125
auf	German	Fraktur	Word	Kolonie-Zeitung-1873-01-25_P03_r1_line0004_word0006	60	1957,3935,114,88	359.375	346,3487,2467,1043	359.375
ſehr	German	Fraktur	Word	Kolonie-Zeitung-1881-06-18_P03_r1_line0011_word0004	114	4211,4169,132,83	359.5	2895,3016,2538,1322	359.5
Das	German	Fraktur	Word	Kolonie-Zeitung-1869-10-02_P03_r1_line0003_word0000	41	961,6003,169,79	0.125	253,5667,2480,434	0.125
Korke,	German	Fraktur	Word	Kolonie-Zeitung-1887-02-04_P03_r1_line0001_word0000	136	4944,5093,406,137	0.375	4912,4879,2066,905	0.375
Feier	German	Fraktur	Word	Kolonie-Zeitung-1881-02-12_P03_r1_line0006_word0007	108	5132,4710,167,86	359.125	2967,4152,2520,1339	359.125
folgendes	German	Fraktur	Word	Kolonie-Zeitung-1868-08-01_P03_r1_line0005_word0009	34	2641,5647,304,90	0.0	483,5282,2500,2814	0.0
Fadennudeln,	German	Fraktur	Word	Kolonie-Zeitung-1887-08-12_P03_r1_line0003_word0000	153	3123,2692,667,124	0.0	2788,2076,1990,866	0.0
und	German	Fraktur	Word	Kolonie-Zeitung-1880-06-05_P03_r1_line0008_word0001	104	3439,5843,129,60	0.0	2950,4949,2494,1438	0.0
Mitarbeiter,	German	Fraktur	Word	Kolonie-Zeitung-1868-01-11_P03_r1_line0042_word0005	29	4792,7089,402,80	0.125	3251,3515,2466,4041	0.125
ſchweizer	German	Fraktur	Word	Der-Pionier-1888-12-08_P03_r1_line0005_word0002	245	610,7702,286,85	359.75	193,7090,1700,1564	359.75
Erlernung	German	Fraktur	Word	Kolonie-Zeitung-1867-12-21_P03_r1_line0003_word0004	28	2287,2695,427,95	359.625	634,2370,2609,1045	359.625
der	German	Fraktur	Word	Kolonie-Zeitung-1868-09-05_P03_r1_line0000_word0002	35	3388,4460,86,58	359.75	3077,4430,2458,1719	359.75
Zwölf	German	Fraktur	Word	Kolonie-Zeitung-1868-09-05_P03_r1_line0004_word0004	35	4078,4836,169,68	359.75	3077,4430,2458,1719	359.75
Beſchreibungen	German	Fraktur	Word	Kolonie-Zeitung-1880-06-05_P03_r1_line0008_word0002	104	3594,5833,514,88	0.0	2950,4949,2494,1438	0.0
mir	German	Fraktur	Word	Kolonie-Zeitung-1881-07-09_P03_r1_line0016_word0004	115	1308,6673,118,69	359.75	372,5264,2498,1517	359.75
unſerer	German	Fraktur	Word	Kolonie-Zeitung-1863-06-06_P03_r1_line0002_word0001	2	1340,3976,278,89	0.125	397,3685,3103,649	0.125
Sta.	German	Kanzlei	Word	Kolonie-Zeitung-1865-12-02_P03_r1_line0002_word0000	15	649,4661,232,152	0.125	425,4477,3102,434	0.125
Sonntag,	German	Fraktur	Word	Kolonie-Zeitung-1870-09-24_P03_r1_line0001_word0000	49	3093,7251,326,89	0.875	3034,7137,1189,1253	0.875
Felde	German	Fraktur	Word	Kolonie-Zeitung-1874-05-09_P03_r1_line0010_word0006	75	4155,4709,178,87	0.25	2871,3671,2483,4110	0.25
Fremden,	German	Fraktur	Word	Kolonie-Zeitung-1867-08-24_P03_r1_line0011_word0002	24	3709,2594,271,66	359.875	3351,1574,2644,1912	359.875
betheiligen,	German	Fraktur	Word	Kolonie-Zeitung-1874-05-09_P03_r1_line0014_word0002	75	3547,5054,375,89	0.25	2871,3671,2483,4110	0.25
Fabrik	German	Textura	Word	Der-Pionier-1890-09-13_P02_r1_line0004_word0001	275	6213,917,535,191	0.25	5109,546,1784,5241	0.25
Leber,	German	Fraktur	Word	Kolonie-Zeitung-1871-09-30_P03_r1_line0007_word0008	52	1986,6695,175,64	0.75	270,6081,2486,2082	0.75
bester	German	Antiqua	Word	Der-Pionier-1889-11-09_P03_r1_line0004_word0008	260	4818,1677,262,77	0.0	1960,539,3397,2986	0.0
Mitglieder	German	Fraktur	Word	Der-Pionier-1888-03-24_P04_r1_line0051_word0002	226	6179,6788,346,89	0.25	5195,1156,1791,6035	0.25
Theil	German	Fraktur	Word	Kolonie-Zeitung-1881-10-01_P03_r1_line0010_word0002	117	747,6180,176,84	0.375	374,5316,2516,2688	0.375
Mittheilung,	German	Fraktur	Word	Kolonie-Zeitung-1881-10-01_P03_r1_line0000_word0004	117	1471,5316,430,86	0.375	374,5316,2516,2688	0.375
Erwachſene	German	Fraktur	Word	Kolonie-Zeitung-1887-09-16_P03_r1_line0038_word0007	158	3783,6480,579,125	0.375	644,4277,4246,3156	0.375
Meyer.	German	Fraktur	Word	Kolonie-Zeitung-1870-05-14_P03_r1_line0015_word0003	46	4030,8196,270,91	0.125	2831,6696,2483,1595	0.125
die	German	Fraktur	Word	Kolonie-Zeitung-1870-01-15_P03_r1_line0013_word0004	44	3804,8730,79,56	0.375	2870,7500,2507,1385	0.375
zum	German	Fraktur	Word	Kolonie-Zeitung-1873-12-20_P03_r1_line0014_word0002	71	1298,6297,137,68	0.0	217,5044,2483,1775	0.0
Fertig.	German	Fraktur	Word	Kolonie-Zeitung-1887-09-09_P03_r1_line0006_word0001	157	4407,6684,301,111	0.625	2760,5533,2080,1278	0.625
alle	German	Fraktur	Word	Kolonie-Zeitung-1867-08-24_P03_r1_line0008_word0007	24	5078,2395,96,55	359.875	3351,1574,2644,1912	359.875
Wurde	German	Fraktur	Word	Der-Pionier-1891-09-09_P01_r1_line0023_word0000	293	2408,2048,607,158	359.625	2017,450,5055,2236	359.625
Herrenhemden,	German	Textura	Word	Kolonie-Zeitung-1888-12-11_P01_r1_line0009_word0000	185	3432,1659,853,198	359.5	2695,623,4085,3247	359.5
der	German	Fraktur	Word	Der-Pionier-1889-09-04_P02_r1_line0009_word0000	257	6015,1909,179,75	0.0	5244,463,1713,6266	0.0
gezeich-	German	Fraktur	Word	Der-Pionier-1890-06-04_P02_r1_line0019_word0004	271	4704,3382,319,96	0.25	3391,995,1656,2851	0.25
Premios	Portuguese	Antiqua	Word	Kolonie-Zeitung-1874-05-09_P03_r1_line0038_word0004	75	4007,7171,310,70	0.25	2871,3671,2483,4110	0.25
Geographie	German	Antiqua	Word	Kolonie-Zeitung-1865-06-10_P03_r1_line0000_word0000	12	603,3421,505,102	359.125	356,3418,3109,930	359.125
Raketen	German	Fraktur	Word	Kolonie-Zeitung-1871-10-14_P03_r1_line0109_word0003	53	1088,8489,266,76	0.0	330,3310,5103,5551	0.0
dabei,	German	Fraktur	Word	Kolonie-Zeitung-1866-01-20_P03_r1_line0003_word0005	17	1919,5553,165,66	0.0	854,5252,2665,588	0.0
Spedition,	German	Fraktur	Word	Kolonie-Zeitung-1869-02-27_P03_r1_line0000_word0003	38	4509,1676,461,110	359.625	2932,1651,2443,1127	359.625
gegen	German	Fraktur	Word	Kolonie-Zeitung-1879-11-22_P03_r1_line0006_word0006	102	4833,7143,187,71	0.0	2940,6208,2477,1208	0.0
gegen	German	Fraktur	Word	Kolonie-Zeitung-1865-12-09_P03_r1_line0008_word0000	16	1547,3228,244,90	359.75	512,2300,3067,1018	359.75
an	German	Fraktur	Word	Kolonie-Zeitung-1874-08-22_P03_r1_line0010_word0007	80	2160,7211,81,52	0.25	215,6474,2520,1242	0.25
Krüuterkäſe	German	Textura	Word	Kolonie-Zeitung-1888-11-29_P03_r1_line0009_word0000	184	5652,8187,883,181	0.75	5082,6643,2030,1900	0.75
Capital	German	Fraktur	Word	Der-Pionier-1890-05-31_P02_r1_line0003_word0000	270	5341,7114,417,122	359.875	5213,6710,1649,1161	359.875
fruchtbarſten	German	Fraktur	Word	Kolonie-Zeitung-1882-07-01_P03_r1_line0021_word0001	125	544,2941,418,86	359.375	233,456,2172,6851	359.375
Zinn⸗	German	Fraktur	Word	Kolonie-Zeitung-1889-12-24_P03_r1_line0009_word0000	195	2610,5872,294,126	0.0	2507,4596,2157,3839	0.0
Räthſel.	German	Fraktur	Word	Kolonie-Zeitung-1868-09-05_P03_r1_line0010_word0007	35	4571,5244,217,73	359.75	3077,4430,2458,1719	359.75
um	German	Fraktur	Word	Kolonie-Zeitung-1887-09-30_P03_r1_line0017_word0007	160	2663,6988,110,52	0.25	698,4900,2112,2369	0.25
erſten	German	Fraktur	Word	Der-Pionier-1888-01-21_P05_r1_line0017_word0002	222	1124,8476,192,82	359.5	174,6916,1671,2473	359.5
hat	German	Fraktur	Word	Kolonie-Zeitung-1873-06-07_P03_r1_line0028_word0005	64	2089,6605,89,75	0.125	441,4191,2488,4398	0.125
Karl	German	Fraktur	Word	Kolonie-Zeitung-1868-09-05_P03_r1_line0008_word0009	35	5177,5113,122,59	359.75	3077,4430,2458,1719	359.75
Abbildungen	German	Italic	Word	Der-Pionier-1891-05-13_P03_r1_line0032_word0003	290	6006,9429,380,76	0.0	5383,7887,1583,2188	0.0
Publikum	German	Fraktur	Word	Kolonie-Zeitung-1881-06-18_P03_r1_line0003_word0003	114	3680,3414,335,80	359.5	2895,3016,2538,1322	359.5
dem	German	Fraktur	Word	Der-Pionier-1891-11-14_P02_r1_line0004_word0001	296	3690,2140,167,76	0.25	3461,1090,1641,2169	0.25
Heinrich	German	Fraktur	Word	Kolonie-Zeitung-1863-12-12_P03_r1_line0000_word0000	6	1059,3146,527,147	359.75	390,3115,3065,517	359.75
mit	German	Fraktur	Word	Kolonie-Zeitung-1887-05-20_P03_r1_line0002_word0004	147	5974,2060,110,66	359.75	4895,704,2080,3483	359.75
Anfang	German	Fraktur	Word	Kolonie-Zeitung-1873-07-26_P03_r1_line0009_word0002	65	3897,3728,280,88	0.375	2886,2732,2446,1352	0.375
und	German	Fraktur	Word	Kolonie-Zeitung-1872-05-04_P03_r1_line0017_word0002	55	3843,7127,119,56	0.5	2931,5739,2499,1886	0.5
neuzuerbauenden	German	Textura	Word	Kolonie-Zeitung-1887-09-30_P03_r1_line0011_word0000	160	906,6162,961,185	0.25	698,4900,2112,2369	0.25
diesbezüglich	German	Fraktur	Word	Der-Pionier-1888-07-28_P02_r1_line0055_word0004	236	4576,9357,539,93	0.0	3481,2897,1654,6853	0.0
und	German	Fraktur	Word	Kolonie-Zeitung-1868-08-01_P03_r1_line0006_word0002	34	1332,5734,123,67	0.0	483,5282,2500,2814	0.0
geſchickten	German	Fraktur	Word	Kolonie-Zeitung-1871-10-14_P03_r1_line0009_word0003	53	1027,4533,323,94	0.0	330,3310,5103,5551	0.0
zum	German	Fraktur	Word	Deutsches-Wochenblatt-1886-04-17_P03_r1_line0011_word0004	205	1854,2512,88,38	359.625	1140,1834,1100,1065	359.625
Handwerker.	German	Textura	Word	Der-Pionier-1889-02-09_P02_r1_line0018_word0003	248	5430,9085,1028,239	0.375	3617,6458,3329,3973	0.375
Fällen	German	Fraktur	Word	Kolonie-Zeitung-1871-09-30_P03_r1_line0011_word0009	52	2147,6968,173,60	0.75	270,6081,2486,2082	0.75
durch	German	Antiqua	Word	Der-Pionier-1891-05-13_P03_r1_line0038_word0005	290	6600,9686,144,44	0.0	5383,7887,1583,2188	0.0
Lokale.	German	Fraktur	Word	Kolonie-Zeitung-1869-08-21_P03_r1_line0006_word0007	40	2460,8644,227,76	359.375	307,7965,2529,975	359.375
entſprechend,	German	Fraktur	Word	Kolonie-Zeitung-1868-01-11_P03_r1_line0025_word0007	29	5110,5811,348,70	0.125	3251,3515,2466,4041	0.125
Plätzen	German	Fraktur	Word	Kolonie-Zeitung-1882-07-01_P03_r1_line0041_word0004	125	1357,4714,243,89	359.375	233,456,2172,6851	359.375
Geſuch	German	Fraktur	Word	Kolonie-Zeitung-1867-08-24_P03_r1_line0015_word0009	24	5209,2868,183,71	359.875	3351,1574,2644,1912	359.875
eine	German	Fraktur	Word	Kolonie-Zeitung-1871-09-30_P03_r1_line0018_word0011	52	2372,7447,107,55	0.75	270,6081,2486,2082	0.75
Muſik,	German	Fraktur	Word	Kolonie-Zeitung-1869-12-18_P03_r1_line0004_word0002	43	4116,5067,547,184	0.5	2896,4902,2478,1634	0.5
Küchengeräthe	German	Antiqua	Word	Der-Pionier-1889-11-09_P03_r1_line0007_word0003	260	2992,1996,640,104	0.0	1960,539,3397,2986	0.0
Schrauben,	German	Fraktur	Word	Kolonie-Zeitung-1867-02-23_P03_r1_line0014_word0004	23	1770,6054,317,70	0.125	582,4766,2652,1434	0.125
Buch	German	Fraktur	Word	Kolonie-Zeitung-1873-06-07_P03_r1_line0035_word0001	64	697,7214,149,73	0.125	441,4191,2488,4398	0.125
Manſchetten,	German	Textura	Word	Kolonie-Zeitung-1888-12-11_P01_r1_line0009_word0003	185	5270,1682,764,190	359.5	2695,623,4085,3247	359.5
Juli	German	Fraktur	Word	Deutsches-Echo-1886-07-17_P03_r1_line0015_word0003	207	1540,4424,76,44	0.625	1168,3831,1118,678	0.625
N.	Portuguese	Antiqua	Word	Der-Pionier-1888-04-18_P03_r1_line0007_word0005	228	3205,5833,93,72	359.75	1971,5291,1661,1522	359.75
Ausdünſtungen	German	Fraktur	Word	Kolonie-Zeitung-1871-09-30_P03_r1_line0009_word0009	52	2110,6830,438,70	0.75	270,6081,2486,2082	0.75
Luſtſpiel	German	Fraktur	Word	Kolonie-Zeitung-1863-10-10_P03_r1_line0017_word0000	5	550,3603,238,72	0.0	415,2513,3072,1971	0.0
Obras	Portuguese	Antiqua	Word	Kolonie-Zeitung-1873-12-20_P03_r1_line0008_word0002	71	869,5725,225,70	0.0	217,5044,2483,1775	0.0
Da	German	Fraktur	Word	Kolonie-Zeitung-1887-10-14_P03_r1_line0020_word0000	161	3204,2616,91,59	359.75	2962,969,2082,3254	359.75
Santa	Portuguese	Fraktur	Word	Kolonie-Zeitung-1881-03-26_P03_r1_line0004_word0001	109	3868,7968,290,88	0.0	2835,7399,2520,1384	0.0
u.	German	Fraktur	Word	Kolonie-Zeitung-1873-06-07_P03_r1_line0039_word0006	64	1713,7569,55,45	0.125	441,4191,2488,4398	0.125
Ribeiro	German	Fraktur	Word	Kolonie-Zeitung-1865-03-11_P03_r1_line0007_word0002	11	1615,4276,257,73	0.0	315,3747,3161,714	0.0
unterzeichneten	German	Fraktur	Word	Kolonie-Zeitung-1879-11-22_P03_r1_line0007_word0002	102	3381,7215,489,87	0.0	2940,6208,2477,1208	0.0
hat	German	Antiqua	Word	Der-Pionier-1889-11-09_P03_r1_line0015_word0003	260	3075,3169,137,80	0.0	1960,539,3397,2986	0.0
anderwärts	German	Fraktur	Word	Kolonie-Zeitung-1874-05-09_P03_r1_line0007_word0002	75	3724,4455,376,69	0.25	2871,3671,2483,4110	0.25
für	German	Fraktur	Word	Kolonie-Zeitung-1865-03-11_P03_r1_line0002_word0003	11	1605,3934,102,87	0.0	315,3747,3161,714	0.0
ſchen	German	Fraktur	Word	Der-Pionier-1888-12-08_P03_r1_line0005_word0000	245	247,7704,153,75	359.75	193,7090,1700,1564	359.75
J.	German	Fraktur	Word	Kolonie-Zeitung-1874-08-22_P03_r1_line0015_word0004	80	1755,7620,82,86	0.25	215,6474,2520,1242	0.25
Batist,	German	Antiqua	Word	Kolonie-Zeitung-1888-12-11_P01_r1_line0016_word0002	185	3714,2600,198,84	359.5	2695,623,4085,3247	359.5
Francisca,	German	Fraktur	Word	Kolonie-Zeitung-1863-08-08_P03_r1_line0010_word0002	3	924,3807,345,88	0.375	575,3322,1506,635	0.375
Knapp,	German	Fraktur	Word	Kolonie-Zeitung-1867-11-30_P03_r1_line0023_word0004	27	1391,5906,203,70	359.75	613,4008,2645,2109	359.75
jedes	German	Fraktur	Word	Kolonie-Zeitung-1873-06-07_P03_r1_line0034_word0011	64	2779,7120,137,76	0.125	441,4191,2488,4398	0.125
Helvetia	German	Fraktur	Word	Kolonie-Zeitung-1868-08-01_P03_r1_line0032_word0003	34	1475,7835,274,85	0.0	483,5282,2500,2814	0.0
und	German	Fraktur	Word	Kolonie-Zeitung-1878-06-29_P03_r1_line0004_word0006	97	5166,7139,141,78	359.75	2839,6726,2500,737	359.75
sua	Portuguese	Antiqua	Word	Kolonie-Zeitung-1874-05-09_P03_r1_line0028_word0009	75	5029,6332,122,46	0.25	2871,3671,2483,4110	0.25
paſſende	German	Fraktur	Word	Kolonie-Zeitung-1874-11-28_P03_r1_line0001_word0003	84	4994,6723,275,87	0.375	2819,6532,2460,694	0.375
zwei	German	Fraktur	Word	Der-Pionier-1889-09-04_P02_r1_line0012_word0006	257	6756,2456,141,82	0.0	5244,463,1713,6266	0.0
es,	German	Fraktur	Word	Kolonie-Zeitung-1871-09-30_P03_r1_line0021_word0001	52	380,7693,77,49	0.75	270,6081,2486,2082	0.75
ausgezeichnet,	German	Fraktur	Word	Kolonie-Zeitung-1865-12-09_P03_r1_line0004_word0005	16	2414,2801,493,101	359.75	512,2300,3067,1018	359.75
feines	German	Fraktur	Word	Kolonie-Zeitung-1888-09-25_P01_r1_line0001_word0001	181	5380,5037,283,120	359.75	4646,4817,2016,1516	359.75
und	German	Fraktur	Word	Kolonie-Zeitung-1881-10-01_P03_r1_line0018_word0008	117	2723,7039,129,63	0.375	374,5316,2516,2688	0.375
Monat	German	Fraktur	Word	Kolonie-Zeitung-1873-06-07_P03_r1_line0014_word0001	64	787,5398,203,65	0.125	441,4191,2488,4398	0.125
instituts	German	Antiqua	Word	Der-Pionier-1891-11-14_P03_r1_line0001_word0002	297	2842,7924,250,63	0.0	2093,7706,1405,2087	0.0
früher	German	Fraktur	Word	Kolonie-Zeitung-1868-08-01_P03_r1_line0004_word0002	34	1224,5559,200,87	0.0	483,5282,2500,2814	0.0
como	Portuguese	Antiqua	Word	Kolonie-Zeitung-1874-05-09_P03_r1_line0040_word0005	75	3860,7368,189,47	0.25	2871,3671,2483,4110	0.25
als	German	Fraktur	Word	Kolonie-Zeitung-1872-05-04_P03_r1_line0006_word0005	55	4077,6351,85,57	0.5	2931,5739,2499,1886	0.5
Mai	German	Fraktur	Word	Der-Pionier-1890-05-17_P02_r1_line0002_word0003	268	4576,6410,199,80	359.75	3418,5869,1685,3089	359.75
Vnts.,	German	Fraktur	Word	Kolonie-Zeitung-1873-06-07_P03_r1_line0014_word0009	64	2122,5400,176,83	0.125	441,4191,2488,4398	0.125
mandioca	Portuguese	Antiqua	Word	Kolonie-Zeitung-1887-07-29_P03_r1_line0020_word0002	152	1528,6019,399,79	0.0	664,3063,2098,3713	0.0
ſich	German	Fraktur	Word	Kolonie-Zeitung-1873-03-15_P03_r1_line0005_word0005	61	1579,8781,97,86	359.75	369,8338,2488,547	359.75
zu	German	Fraktur	Word	Kolonie-Zeitung-1874-08-22_P03_r1_line0013_word0003	80	945,7475,70,69	0.25	215,6474,2520,1242	0.25
Deutſcher	German	Fraktur	Word	Der-Pionier-1889-08-21_P02_r1_line0000_word0000	256	4589,7225,1140,183	0.0	3427,7201,3459,3249	0.0
nach	German	Fraktur	Word	Kolonie-Zeitung-1869-02-27_P03_r1_line0006_word0004	38	3928,2376,159,98	359.625	2932,1651,2443,1127	359.625
Mandeln,	German	Fraktur	Word	Kolonie-Zeitung-1888-11-29_P03_r1_line0001_word0000	184	5093,6965,644,137	0.75	5082,6643,2030,1900	0.75
Außerordentliche	German	Textura	Word	Kolonie-Zeitung-1887-09-16_P03_r1_line0009_word0003	158	1240,4689,979,194	0.375	644,4277,4246,3156	0.375
und	German	Textura	Word	Kolonie-Zeitung-1888-12-11_P01_r1_line0009_word0002	185	4958,1686,205,145	359.5	2695,623,4085,3247	359.5
Ball,	German	Fraktur	Word	Kolonie-Zeitung-1868-08-01_P03_r1_line0027_word0004	34	1316,7407,215,88	0.0	483,5282,2500,2814	0.0
Aufſtellung	German	Fraktur	Word	Kolonie-Zeitung-1873-07-26_P03_r1_line0008_word0002	65	3670,3645,375,85	0.375	2886,2732,2446,1352	0.375
auf	German	Fraktur	Word	Kolonie-Zeitung-1871-09-30_P03_r1_line0007_word0006	52	1722,6696,101,69	0.75	270,6081,2486,2082	0.75
eines	German	Antiqua	Word	Kolonie-Zeitung-1887-04-08_P03_r1_line0003_word0008	143	4436,2554,176,68	0.0	2762,2286,2021,929	0.0
Königsübel	German	Fraktur	Word	Kolonie-Zeitung-1872-05-04_P03_r1_line0003_word0002	55	3655,6137,388,81	0.5	2931,5739,2499,1886	0.5
bedruekten	German	Antiqua	Word	Kolonie-Zeitung-1888-12-11_P01_r1_line0016_word0008	185	5747,2617,360,68	359.5	2695,623,4085,3247	359.5
Durocher,	German	Fraktur	Word	Kolonie-Zeitung-1863-10-10_P03_r1_line0024_word0001	5	715,4010,325,86	0.0	415,2513,3072,1971	0.0
Staudt	German	Antiqua	Word	Kolonie-Zeitung-1900-01-04_P03_r1_line0011_word0009	197	4758,1955,226,74	359.875	2502,785,3144,1396	359.875
im	German	Fraktur	Word	Kolonie-Zeitung-1873-07-26_P03_r1_line0012_word0000	65	2894,3991,88,72	0.375	2886,2732,2446,1352	0.375
Haſelnüſſe,	German	Kanzlei	Word	Kolonie-Zeitung-1888-11-29_P03_r1_line0000_word0002	184	6102,6678,928,256	0.75	5082,6643,2030,1900	0.75
verleihen	German	Fraktur	Word	Deutsches-Wochenblatt-1886-02-27_P03_r1_line0008_word0001	203	205,2980,144,41	0.25	118,2487,1121,820	0.25
wo	German	Fraktur	Word	Kolonie-Zeitung-1872-05-04_P03_r1_line0013_word0011	55	5132,6848,83,43	0.5	2931,5739,2499,1886	0.5
Escriptorium	German	Fraktur	Word	Kolonie-Zeitung-1887-07-08_P03_r1_line0008_word0000	150	1336,8132,732,107	0.25	652,7530,2068,1120	0.25
des	German	Fraktur	Word	Kolonie-Zeitung-1874-08-08_P04_r1_line0011_word0001	79	913,8139,94,62	0.25	344,7231,2520,1833	0.25
achte	German	Fraktur	Word	Kolonie-Zeitung-1870-01-15_P03_r1_line0010_word0008	44	4278,8520,129,58	0.375	2870,7500,2507,1385	0.375
Stahlſtiche.	German	Fraktur	Word	Kolonie-Zeitung-1868-09-05_P03_r1_line0010_word0003	35	3573,5241,317,70	359.75	3077,4430,2458,1719	359.75
ſo	German	Fraktur	Word	Kolonie-Zeitung-1873-06-07_P03_r1_line0007_word0002	64	769,4799,53,73	0.125	441,4191,2488,4398	0.125
der	German	Fraktur	Word	Kolonie-Zeitung-1873-06-07_P03_r1_line0019_word0006	64	1887,5831,88,62	0.125	441,4191,2488,4398	0.125
Luſt	German	Fraktur	Word	Kolonie-Zeitung-1871-09-30_P03_r1_line0025_word0006	52	1768,7935,113,67	0.75	270,6081,2486,2082	0.75
Buche	German	Fraktur	Word	Kolonie-Zeitung-1873-06-07_P03_r1_line0047_word0003	64	1325,8246,174,76	0.125	441,4191,2488,4398	0.125
ARTHUR	Portuguese	Antiqua	Word	Der-Pionier-1891-03-21_P02_r1_line0011_word0000	284	5852,2514,437,74	0.375	5142,394,1722,2432	0.375
mais	Portuguese	Antiqua	Word	Kolonie-Zeitung-1867-02-23_P03_r1_line0007_word0007	23	2379,5423,141,53	0.125	582,4766,2652,1434	0.125
verſteckte	German	Fraktur	Word	Kolonie-Zeitung-1872-05-04_P03_r1_line0014_word0008	55	5010,6907,232,65	0.5	2931,5739,2499,1886	0.5
tem	Portuguese	Antiqua	Word	Kolonie-Zeitung-1875-04-10_P03_r1_line0001_word0004	87	4770,5325,137,57	0.0	2908,5314,2479,513	0.0
von	German	Fraktur	Word	Kolonie-Zeitung-1882-07-01_P03_r1_line0030_word0004	125	1417,3783,124,56	359.375	233,456,2172,6851	359.375
leinenen	German	Antiqua	Word	Kolonie-Zeitung-1888-12-11_P01_r1_line0016_word0004	185	4392,2605,272,67	359.5	2695,623,4085,3247	359.5
Bier	German	Fraktur	Word	Kolonie-Zeitung-1869-04-24_P03_r1_line0005_word0006	39	1848,5534,151,73	359.875	366,4957,2432,1014	359.875
Witterungs⸗	German	Fraktur	Word	Kolonie-Zeitung-1867-11-30_P03_r1_line0011_word0004	27	2096,4968,352,73	359.75	613,4008,2645,2109	359.75
Deutſchen	German	Fraktur	Word	Kolonie-Zeitung-1870-09-24_P03_r1_line0010_word0001	49	3409,8216,331,82	0.875	3034,7137,1189,1253	0.875
letzten	German	Fraktur	Word	Kolonie-Zeitung-1874-01-31_P03_r1_line0013_word0001	73	1760,5529,403,155	359.75	384,4124,3730,2287	359.75
wohlgeſchulten	German	Fraktur	Word	Kolonie-Zeitung-1871-10-14_P03_r1_line0006_word0008	53	3482,4257,494,92	0.0	330,3310,5103,5551	0.0
geehrten	German	Fraktur	Word	Kolonie-Zeitung-1878-06-29_P03_r1_line0004_word0001	97	3052,7128,294,103	359.75	2839,6726,2500,737	359.75
der	German	Fraktur	Word	Kolonie-Zeitung-1868-09-05_P03_r1_line0007_word0011	35	5421,5050,84,55	359.75	3077,4430,2458,1719	359.75
des	German	Fraktur	Word	Kolonie-Zeitung-1880-10-23_P03_r1_line0011_word0002	106	925,6451,108,66	0.0	356,5294,2520,1422	0.0
fein	German	Antiqua	Word	Der-Pionier-1889-11-09_P03_r1_line0003_word0007	260	4360,1566,154,78	0.0	1960,539,3397,2986	0.0
um	German	Fraktur	Word	Kolonie-Zeitung-1877-07-14_P03_r1_line0001_word0003	94	3715,7983,110,53	359.375	2969,7868,1217,543	359.375
derſelben	German	Fraktur	Word	Kolonie-Zeitung-1874-05-09_P03_r1_line0009_word0008	75	4778,4625,289,79	0.25	2871,3671,2483,4110	0.25
der	German	Fraktur	Word	Kolonie-Zeitung-1874-05-09_P03_r1_line0014_word0008	75	5227,5057,101,62	0.25	2871,3671,2483,4110	0.25
Novissima	Portuguese	Antiqua	Word	Kolonie-Zeitung-1887-11-25_P03_r1_line0000_word0000	166	3007,7308,782,136	0.5	2874,7282,2058,1364	0.5
zeither	German	Fraktur	Word	Kolonie-Zeitung-1868-01-11_P03_r1_line0024_word0008	29	4673,5746,169,70	0.125	3251,3515,2466,4041	0.125
erſucht,	German	Fraktur	Word	Kolonie-Zeitung-1873-03-15_P03_r1_line0004_word0008	61	2405,8702,247,82	359.75	369,8338,2488,547	359.75
und	German	Fraktur	Word	Kolonie-Zeitung-1867-12-21_P03_r1_line0000_word0008	28	1906,2391,106,56	359.625	634,2370,2609,1045	359.625
zahlreichen	German	Fraktur	Word	Kolonie-Zeitung-1887-09-16_P03_r1_line0043_word0007	158	3000,7195,347,93	0.375	644,4277,4246,3156	0.375
Auguſt	German	Fraktur	Word	Kolonie-Zeitung-1866-08-18_P03_r1_line0006_word0001	21	1094,4865,243,94	0.0	615,4078,2684,951	0.0
barricas,	Portuguese	Antiqua	Word	Kolonie-Zeitung-1887-07-29_P03_r1_line0017_word0005	152	2293,5582,437,143	0.0	664,3063,2098,3713	0.0
Hochachtungsvoll	German	Antiqua	Word	Der-Pionier-1888-09-22_P02_r1_line0013_word0000	239	5290,9659,1250,210	0.0	3569,7836,3421,2597	0.0
Sonntag,	German	Fraktur	Word	Kolonie-Zeitung-1868-08-01_P03_r1_line0003_word0002	34	1985,5471,358,95	0.0	483,5282,2500,2814	0.0
Balles	German	Fraktur	Word	Kolonie-Zeitung-1888-12-20_P01_r1_line0014_word0003	187	1646,6445,253,77	0.125	668,5136,2088,1657	0.125
Vortheile	German	Fraktur	Word	Kolonie-Zeitung-1882-07-01_P03_r1_line0023_word0001	125	645,3116,316,82	359.375	233,456,2172,6851	359.375
Uhr,	German	Fraktur	Word	Kolonie-Zeitung-1874-04-18_P03_r1_line0003_word0003	74	3962,6031,156,83	359.875	2831,5766,2498,531	359.875
die	German	Fraktur	Word	Deutsches-Echo-1886-07-17_P03_r1_line0013_word0004	207	1609,4336,46,35	0.625	1168,3831,1118,678	0.625
Erwine	German	Script	Word	Kolonie-Zeitung-1884-08-01_P02_r1_line0005_word0000	130	5367,3011,309,116	359.75	4684,2760,2033,1101	359.75
der	German	Fraktur	Word	Kolonie-Zeitung-1867-08-24_P03_r1_line0009_word0007	24	5069,2464,81,55	359.875	3351,1574,2644,1912	359.875
Dampfer	German	Fraktur	Word	Kolonie-Zeitung-1877-08-25_P03_r1_line0003_word0001	95	1196,8594,309,87	0.25	519,8414,2496,459	0.25
necessitados.	Portuguese	Antiqua	Word	Der-Pionier-1887-10-01_P03_r1_line0012_word0003	218	2296,1992,311,37	0.0	1827,1204,838,846	0.0
Wein	German	Antiqua	Word	Der-Pionier-1889-11-09_P03_r1_line0003_word0006	260	4080,1569,230,76	0.0	1960,539,3397,2986	0.0
zu	German	Fraktur	Word	Kolonie-Zeitung-1871-10-14_P03_r1_line0108_word0015	53	4126,8379,73,72	0.0	330,3310,5103,5551	0.0
Bei	German	Fraktur	Word	Kolonie-Zeitung-1873-06-07_P03_r1_line0008_word0003	64	1174,4882,103,65	0.125	441,4191,2488,4398	0.125
Ruhe	German	Fraktur	Word	Kolonie-Zeitung-1880-10-23_P03_r1_line0010_word0000	106	1037,6359,181,79	0.0	356,5294,2520,1422	0.0
von	German	Fraktur	Word	Kolonie-Zeitung-1866-04-21_P03_r1_line0008_word0000	19	730,5395,109,43	359.75	709,4498,2714,1521	359.75
Hinſicht	German	Fraktur	Word	Kolonie-Zeitung-1871-09-30_P03_r1_line0019_word0003	52	946,7532,220,68	0.75	270,6081,2486,2082	0.75
durch	German	Fraktur	Word	Kolonie-Zeitung-1868-01-11_P03_r1_line0004_word0006	29	4599,3886,166,82	0.125	3251,3515,2466,4041	0.125
mit	German	Fraktur	Word	Kolonie-Zeitung-1879-08-16_P03_r1_line0002_word0000	101	4169,6074,97,56	0.0	3154,5792,2119,560	0.0
zum	German	Fraktur	Word	Kolonie-Zeitung-1869-08-21_P03_r1_line0004_word0004	40	1591,8452,139,71	359.375	307,7965,2529,975	359.375
Franzöſiſche	German	Fraktur	Word	Kolonie-Zeitung-1871-01-28_P03_r1_line0001_word0000	51	3209,7979,435,102	0.625	2811,7853,1213,966	0.625
zur	German	Fraktur	Word	Kolonie-Zeitung-1874-11-07_P03_r1_line0014_word0003	83	4833,3918,139,86	359.375	2783,2240,3719,2799	359.375
werthen	German	Fraktur	Word	Der-Pionier-1891-09-26_P02_r1_line0001_word0005	294	5250,763,429,119	0.25	3387,413,3423,2112	0.25
fortgebrauchen	German	Fraktur	Word	Kolonie-Zeitung-1871-09-30_P03_r1_line0022_word0007	52	1878,7723,410,73	0.75	270,6081,2486,2082	0.75
das	Portuguese	Antiqua	Word	Kolonie-Zeitung-1873-12-20_P03_r1_line0008_word0001	71	698,5726,126,70	0.0	217,5044,2483,1775	0.0
auf	German	Fraktur	Word	Kolonie-Zeitung-1873-06-07_P03_r1_line0011_word0009	64	2221,5145,95,73	0.125	441,4191,2488,4398	0.125
farbigen	German	Fraktur	Word	Kolonie-Zeitung-1888-12-11_P01_r1_line0010_word0009	185	5445,1887,314,94	359.5	2695,623,4085,3247	359.5
nacionali-	Portuguese	Antiqua	Word	Kolonie-Zeitung-1874-05-09_P03_r1_line0031_word0009	75	4962,6566,358,69	0.25	2871,3671,2483,4110	0.25
Blocknotes	English	Antiqua	Word	Kolonie-Zeitung-1887-12-23_P03_r1_line0007_word0000	169	854,6483,859,136	0.0	758,5400,2038,1735	0.0
Das	German	Fraktur	Word	Kolonie-Zeitung-1875-06-26_P03_r1_line0001_word0000	88	3593,4716,149,71	0.375	2892,4558,2477,914	0.375
alle	German	Antiqua	Word	Kolonie-Zeitung-1881-05-28_P03_r1_line0004_word0003	112	4030,4671,157,74	0.0	2986,4117,2519,1188	0.0
de	Portuguese	Antiqua	Word	Kolonie-Zeitung-1874-05-09_P03_r1_line0038_word0007	75	4813,7166,90,70	0.25	2871,3671,2483,4110	0.25
Profeſſor	German	Fraktur	Word	Deutsches-Wochenblatt-1886-04-17_P03_r1_line0007_word0000	205	1151,2318,199,53	359.625	1140,1834,1100,1065	359.625
über	German	Fraktur	Word	Kolonie-Zeitung-1871-10-14_P03_r1_line0099_word0011	53	3556,7584,152,72	0.0	330,3310,5103,5551	0.0
Zeit	German	Fraktur	Word	Kolonie-Zeitung-1874-05-09_P03_r1_line0012_word0005	75	4407,4879,143,86	0.25	2871,3671,2483,4110	0.25
animar	Portuguese	Antiqua	Word	Kolonie-Zeitung-1874-05-09_P03_r1_line0027_word0004	75	4185,6230,263,67	0.25	2871,3671,2483,4110	0.25
durch	German	Fraktur	Word	Der-Pionier-1891-09-26_P02_r1_line0008_word0003	294	4540,1880,289,123	0.25	3387,413,3423,2112	0.25
Fäſſern,	German	Fraktur	Word	Kolonie-Zeitung-1887-09-23_P03_r1_line0018_word0004	159	2150,8169,395,133	0.0	728,6328,2107,2800	0.0
Photographie-Album.	German	Fraktur	Word	Kolonie-Zeitung-1867-11-30_P03_r1_line0017_word0002	27	1142,5375,611,72	359.75	613,4008,2645,2109	359.75
Preiſe!	German	Fraktur	Word	Der-Pionier-1889-12-14_P03_r1_line0009_word0003	263	1305,3402,407,128	359.75	219,2052,1714,2031	359.75
Baron	German	Antiqua	Word	Kolonie-Zeitung-1871-01-28_P03_r1_line0007_word0000	51	2980,8644,231,70	0.625	2811,7853,1213,966	0.625
für	German	Fraktur	Word	Kolonie-Zeitung-1873-06-07_P03_r1_line0013_word0003	64	1039,5316,90,69	0.125	441,4191,2488,4398	0.125
Fabrik	German	Fraktur	Word	Kolonie-Zeitung-1880-06-05_P03_r1_line0012_word0000	104	3258,6209,222,88	0.0	2950,4949,2494,1438	0.0
nach	German	Fraktur	Word	Kolonie-Zeitung-1863-10-10_P03_r1_line0007_word0004	5	2959,3089,123,68	0.0	415,2513,3072,1971	0.0
Die	German	Textura	Word	Kolonie-Zeitung-1875-08-21_P03_r1_line0005_word0000	89	3385,5434,229,140	0.375	3227,4706,2134,1813	0.375
getrocknete	German	Textura	Word	Kolonie-Zeitung-1881-12-17_P03_r1_line0002_word0000	121	3215,7341,606,143	359.75	2983,7057,2390,1164	359.75
D.	German	Fraktur	Word	Kolonie-Zeitung-1877-07-14_P03_r1_line0005_word0000	94	3918,8335,73,65	359.375	2969,7868,1217,543	359.375
Komitee	German	Fraktur	Word	Kolonie-Zeitung-1874-08-08_P04_r1_line0020_word0001	79	950,8956,313,77	0.25	344,7231,2520,1833	0.25
Orpheus	German	Textura	Word	Deutsches-Wochenblatt-1886-04-17_P03_r1_line0012_word0000	205	1153,2547,330,119	359.625	1140,1834,1100,1065	359.625
Szule.	German	Fraktur	Word	Der-Pionier-1890-03-26_P03_r1_line0006_word0001	266	3178,2029,276,94	0.125	2026,645,1666,1517	0.125
a	Portuguese	Antiqua	Word	Kolonie-Zeitung-1888-09-18_P01_r1_line0003_word0001	180	3154,8292,48,51	1.0	2715,7713,2044,1375	1.0
mit	German	Fraktur	Word	Kolonie-Zeitung-1867-11-30_P03_r1_line0011_word0001	27	1030,4965,96,56	359.75	613,4008,2645,2109	359.75
Vnts.	German	Fraktur	Word	Kolonie-Zeitung-1873-06-07_P03_r1_line0018_word0012	64	2673,5742,158,64	0.125	441,4191,2488,4398	0.125
und	German	Fraktur	Word	Kolonie-Zeitung-1874-09-26_P03_r1_line0006_word0004	82	1249,8189,123,59	0.125	211,7591,2490,776	0.125
Ausbeſſerungsarbeiten,	German	Fraktur	Word	Kolonie-Zeitung-1873-12-20_P03_r1_line0014_word0000	71	221,6279,793,92	0.0	217,5044,2483,1775	0.0
Anzeige!	German	Fraktur	Word	Kolonie-Zeitung-1882-12-15_P03_r1_line0002_word0001	129	2590,831,721,202	359.875	402,575,4071,1627	359.875
Feſtumzuge	German	Fraktur	Word	Kolonie-Zeitung-1869-08-21_P03_r1_line0005_word0002	40	1048,8526,379,98	359.375	307,7965,2529,975	359.375
und	German	Fraktur	Word	Kolonie-Zeitung-1889-12-24_P03_r1_line0025_word0002	195	4276,8035,196,102	0.0	2507,4596,2157,3839	0.0
Baltimore-Mehl	German	Fraktur	Word	Kolonie-Zeitung-1865-12-09_P03_r1_line0002_word0000	16	1154,2587,637,106	359.75	512,2300,3067,1018	359.75
DA	Portuguese	Antiqua	Word	Der-Pionier-1887-07-02_P03_r1_line0056_word0002	210	1030,1121,138,78	0.0	16,142,2560,2064	0.0
Nachruf	German	Fraktur	Word	Kolonie-Zeitung-1880-10-23_P03_r1_line0000_word0000	106	1281,5294,771,152	0.0	356,5294,2520,1422	0.0
Neffe	German	Fraktur	Word	Kolonie-Zeitung-1875-08-21_P03_r1_line0011_word0004	89	4063,5999,140,68	0.375	3227,4706,2134,1813	0.375
de	Portuguese	Fraktur	Word	Kolonie-Zeitung-1870-02-26_P03_r1_line0011_word0002	45	4555,6961,64,61	0.0	4249,6515,1201,903	0.0
Eigenthümerin	German	Fraktur	Word	Kolonie-Zeitung-1881-03-26_P03_r1_line0005_word0001	109	3058,8089,555,103	0.0	2835,7399,2520,1384	0.0
Theilnahme,	German	Fraktur	Word	Kolonie-Zeitung-1864-03-19_P03_r1_line0005_word0004	7	1617,827,425,93	359.5	514,502,3121,1245	359.5
mittheilt,	German	Fraktur	Word	Kolonie-Zeitung-1871-09-30_P03_r1_line0014_word0004	52	1751,7178,255,61	0.75	270,6081,2486,2082	0.75